datetime,raw_area,cloud_cover,ice_cover,lake_area,smoothed_area,flag
2016-01-13,39.3003,0.0910283097418817,0,43.22126145299183,43.862084530471115,I
2016-01-22,42.6348,0.0752171791117618,0,42.6348,43.76010451864231,E
2016-01-25,6.381,0.9455933699113686,0,44.2944,43.72251992953188,E
2016-01-29,43.875,0.0594613366260225,0,43.875,43.66938592608795,E
2016-02-07,42.9741,0.0031732114152105,0,42.9741,43.535809059897616,O
2016-02-14,45.3879,0.0245077179001121,0,45.3879,43.416487170305004,E
2016-02-23,41.2902,0.5651910191161278,0,43.22385,43.24051338620616,E
2016-03-01,42.8013,0.0536485383957176,0,42.8013,43.08485818963711,E
2016-03-08,1.0368,0.9920455722423616,0,43.91121759341568,42.91417906286599,I
2016-03-10,46.8927,0.0073160973193362,0,43.92395392329008,42.863526516667044,O
2016-03-17,47.1267,0.0032170867280895,0,44.00073053663443,42.68397358121276,O
2016-03-25,5.4405,0.953731343283582,0,43.79499162533587,42.299326761086455,I
2016-03-26,47.1222,0.0061689729134635,0,43.76927426142355,42.26816253221392,O
2016-04-02,44.9208,0.0093287285141518,0,44.92080000000001,41.92884238526692,O
2016-04-07,2.0466,0.9845378699793972,0,43.21167439528925,41.609599688438934,I
2016-04-11,44.4636,0.0045938104448742,0,44.46360000000001,41.40253267631016,O
2016-04-18,43.0137,0.0430299147010532,0,43.0137,40.90184826986307,E
2016-04-24,0.2025,0.9984672398054416,0,39.7269,40.454381785970895,E
2016-04-27,40.9203,0.0011862656795764,0,40.9203,40.18143761239109,O
2016-05-04,39.4983,0.0005237986791163,0,39.4983,39.55048200245757,O
2016-05-13,38.9943,0.0003691484207369,0,38.9943,38.52795057164207,O
2016-05-17,25.7688,0.7290996480339098,0,38.44067561275071,38.06375629978794,I
2016-05-20,36.9819,0.0005107997664915,0,36.9819,37.69117576173659,O
2016-05-29,37.4229,0.0011770357914965,0,37.4229,36.57785950263259,O
2016-06-05,34.1559,0.0002897634476581,0,34.1559,35.69368673759866,O
2016-06-06,35.973,0.0103986135181975,0,35.973,35.569315147323266,E
2016-06-13,8.5113,0.9260628899347958,0,34.792898123402736,34.65738777441673,I
2016-06-14,35.2071,0.0007663030984188,0,35.2071,34.518434335514115,O
2016-06-21,36.4824,0.000197316495659,0,36.4824,33.563529549139915,O
2016-06-26,29.8044,0.5784784185939946,0,32.0661,32.881707420691605,E
2016-06-30,17.5878,0.7946621834611748,0,32.32216812448937,32.29105708307415,I
2016-07-03,5.5944,0.9518255302989204,0,31.873672968974997,31.869049510456065,I
2016-07-07,22.8231,0.4873448429224113,0,32.1831,31.291318582894277,E
2016-07-16,31.0275,0.0001160126453783,0,31.0275,29.929461341497753,O
2016-07-23,27.711,0.0007140075295339,0,27.711,28.878613728943908,O
2016-08-01,28.5606,0.0003780003780003,0,28.560600000000004,27.52940859416897,O
2016-08-05,0.4167,0.9947191933938592,0,26.778019678672045,26.980077023511544,I
2016-08-08,26.3061,0.000376196990424,0,26.3061,26.537646062601752,O
2016-08-12,0.0243,0.999796400051277,0,24.0363,26.041673014030827,E
2016-08-17,23.751,0.0009464319515426,0,23.751,25.507159871356798,O
2016-08-24,22.3803,0.0005225080385852,0,22.380299999999995,24.674266355146507,O
2016-08-25,23.7366,0.0026471033126607,0,23.7366,24.55239462390317,O
2016-09-01,11.8098,0.889587277546384,0,23.3046,23.9495489996313,E
2016-09-02,22.0545,0.1235693848354792,0,22.0545,23.91317159507996,E
2016-09-09,21.0519,0.0007262474367737,0,21.0519,23.607453803803505,O
2016-09-14,17.0478,0.582674216219789,0,25.1118,23.211174343682355,E
2016-09-18,20.6406,0.0014803204458376,0,20.6406,22.896564525843342,O
2016-09-21,1.4967,0.9880070673926368,0,22.123691039019022,22.846703477471696,I
2016-09-25,5.418,0.9370470682966108,0,20.2239,22.628022643239547,E
2016-10-04,21.7368,0.0036303630363036,0,21.7368,22.36249166200267,O
2016-10-11,20.5623,0.0027063599458728,0,20.5623,22.298858324578884,O
2016-10-20,21.8583,0.0150058806829703,0,21.8583,22.37877859690977,E
2016-10-24,21.9825,0.0093689162881245,0,21.9825,22.56923281648368,O
2016-10-27,22.4793,0.0755080134729985,0,22.4793,22.72694612166296,E
2016-10-31,7.2099,0.9335081880130476,0,22.446,23.04081565905109,E
2016-11-10,5.0706,0.9542509135200976,0,26.5455,23.848318023367572,E
2016-11-12,23.8176,0.2116770926422401,0,23.8176,24.03466195974416,E
2016-11-13,23.4054,0.0023401235278321,0,23.4054,24.14309829362536,O
2016-11-23,24.1785,0.0028950005567308,0,24.1785,25.213941870211315,O
2016-11-28,15.6528,0.8329138245748872,0,24.8679,25.782963354828617,E
2016-11-30,18.2403,0.8000177612882854,0,25.849800000000002,26.005875666665574,E
2016-12-03,2.1285,0.972686746431376,0,26.47392961998162,26.358377904787613,I
2016-12-07,12.0339,0.9029236878979504,0,26.95093449077414,26.827676399220003,I
2016-12-10,16.4646,0.8190397056205115,0,27.30868814386853,27.18910693872284,I
2016-12-14,24.2388,0.8125687243371147,0,27.785693014661046,27.71094713293717,I
2016-12-20,7.1865,0.9312982353497896,0,28.501200320849826,28.509739812319996,I
2016-12-23,29.2734,0.1428571428571428,0,29.2734,28.9154758456151,E
2017-01-02,14.103,0.692666758193265,0,30.194409522303893,30.264948972721694,I
2017-01-08,30.6873,0.1371343253365725,0,30.687300000000004,31.064420284240413,E
2017-01-12,13.356,0.8881114663128054,0,31.532347369641634,31.595917779864536,I
2017-01-19,0.1647,0.9987263806242822,0,32.47151027670501,32.515174182922046,I
2017-01-24,30.24,0.1658391261171797,0,30.24,33.167997847151604,E
2017-01-29,0.7974,0.9934953858352116,0,33.81927727043453,33.80303860392381,I
2017-01-31,35.1189,0.1097803025118061,0,35.1189,34.056068689460574,E
2017-02-01,34.3503,0.0137471252487144,0,34.3503,34.17777085068392,E
2017-02-09,33.5547,0.5479478629887846,0,33.7536,35.145214173831775,E
2017-02-11,31.959,0.0963686795429676,0,35.466730117843746,35.374142100497416,I
2017-02-16,36.3888,0.0895129146305762,0,36.3888,35.94046119491772,E
2017-02-21,37.0494,0.0068276677362541,0,37.0494,36.523308750852074,O
2017-02-25,37.764,0.0638734578229926,0,37.764,36.94648859784877,E
2017-02-28,6.0552,0.9473655388226092,0,37.438097283958676,37.28715537317839,I
2017-03-04,40.0716,0.0379013786248325,0,40.0716,37.716765358566306,E
2017-03-13,37.6596,0.0031446540880503,0,37.6596,38.66231614327119,O
2017-03-20,28.5453,0.3477491928352561,0,37.6506,39.370048230927274,E
2017-03-29,30.1032,0.4992514521827654,0,40.234070402931835,40.212781665102796,I
2017-04-02,36.5049,0.5320982384902003,0,42.138,40.54688748457185,E
2017-04-05,41.5017,0.004554874363181,0,41.5017,40.78691608438979,O
2017-04-14,32.5548,0.632909465479972,0,41.64505370334338,41.560923937302654,I
2017-04-21,42.4566,0.0006143677308645,0,42.4566,42.146475719151596,O
2017-04-22,39.8259,0.0020747355839704,0,39.8259,42.2199960989446,O
2017-04-30,43.5933,0.0140853670947912,0,43.5933,42.84003315527162,E
2017-05-07,45.567,0.0008880118401578,0,45.567,43.30764372860034,O
2017-05-12,42.6897,0.0017677883704779,0,42.689699999999995,43.63791770707786,O
2017-05-16,43.7256,0.1074531993459849,0,43.72560000000001,43.872225910493725,E
2017-05-19,27.639,0.7321553167736534,0,44.50104960152935,44.024090843843624,I
2017-05-23,46.0944,0.0004293688278231,0,46.0944,44.243349444179486,O
2017-06-01,41.1858,0.0502262255614129,0,45.274658396145085,44.57728248234928,I
2017-06-08,48.9771,0.0004959041986555,0,45.23774506520282,44.77405960543966,O
2017-06-17,40.3614,0.0001114802345544,0,45.50088864954124,44.967630124275715,O
2017-06-21,46.3716,0.0225375626043405,0,46.3716,45.04572847847523,E
2017-06-24,49.1976,0.0004754068385445,0,45.51350747608538,45.02262073395999,O
2017-06-28,1.9872,0.9837602877253372,0,45.58622239875817,44.98609685260519,I
2017-07-01,47.4984,0.0117224074004718,0,47.4984,44.83435718597648,E
2017-07-03,43.9578,0.0002456298358373,0,43.9578,44.78007753321033,O
2017-07-10,44.9487,0.0004002962192022,0,44.9487,44.36756296207431,O
2017-07-11,45.9738,0.0057418689296767,0,45.973800000000004,44.313127648485064,O
2017-07-13,32.2632,0.7283336869865713,0,44.925488949389106,44.19444610821834,I
2017-07-16,35.955,0.3343441748866969,0,43.7013,43.94751248511458,E
2017-07-18,15.5781,0.859703016843095,0,44.27757508819273,43.74617293568429,I
2017-07-19,32.5557,0.664940718784735,0,44.14799231595345,43.64464930398028,I
2017-07-26,44.3115,0.022843647044814,0,44.3115,42.998922339603396,E
2017-07-31,46.0134,0.0718201953451218,0,42.56427620674955,42.491126740029344,I
2017-08-04,8.0118,0.9360037957757618,0,42.00671542021841,42.04530791835118,I
2017-08-05,44.3502,0.3351412612320894,0,44.3502,41.93078472073519,E
2017-08-07,24.6087,0.763151284161289,0,41.58854483032006,41.70286625818763,I
2017-08-11,4.9536,0.9624195167248172,0,41.030984043788926,41.26842590300868,I
2017-08-20,0.0369,0.9997247084259364,0,39.77647227409388,40.33082659200148,I
2017-08-22,28.7046,0.7107854694499356,0,39.49769188082831,40.141933240168726,I
2017-08-25,40.2093,0.0327769478902816,0,40.2093,39.857787425501236,E
2017-08-27,36.594,0.0004916420845624,0,36.594,39.66680914592186,O
2017-09-05,36.5238,0.00076330239086,0,36.5238,39.11209480018973,O
2017-09-09,0.2421,0.9974614498990244,0,38.00277404669762,38.807826287089966,I
2017-09-11,20.1384,0.8069719895446036,0,39.9978,38.65524484067279,E
2017-09-12,35.0127,0.0005908647176694,0,38.037424684576045,38.602559934783145,O
2017-09-14,37.0062,0.0020145142108201,0,37.0062,38.486115538063515,O
2017-09-21,33.1605,0.0391686442224945,0,37.79362875335775,38.33901880274272,I
2017-09-29,27.8154,0.4047151277013752,0,37.7932271714883,38.10893992414579,I
2017-10-01,0.1116,0.99912695115855,0,36.27,38.05673112681407,E
2017-10-04,18.3051,0.8172087463714063,0,37.79297618281989,38.0639313036121,I
2017-10-06,19.7253,0.8095531881614848,0,40.0392,38.084084396275095,E
2017-10-07,31.9905,0.0007028394714647,0,37.79282558961885,38.09791966304389,O
2017-10-14,33.3504,0.001051354630004,0,37.992866035361324,38.213128737099716,O
2017-10-19,38.4282,0.004894192225226,0,38.4282,38.42999049481121,O
2017-10-23,38.1789,0.0026332494768767,0,38.1789,38.697230734295424,O
2017-10-24,38.6694,0.0024378352023403,0,38.6694,38.78277996624216,O
2017-10-26,23.8095,0.7962319666638424,0,38.63697907593086,38.955247978270634,I
2017-10-30,38.3238,0.026430106543509,0,38.3238,39.25462974338949,E
2017-11-08,29.511,0.5944040374053733,0,37.5435,39.96329597707353,E
2017-11-10,1.9296,0.984051060411072,0,40.07016277963098,40.149579679666566,I
2017-11-13,38.8971,0.0050416685851098,0,38.8971,40.444592158097606,O
2017-11-15,30.8745,0.6127273343041961,0,40.59040827690154,40.650488704450495,I
2017-11-18,29.1996,0.2203210612323368,0,42.6429,40.98941924832416,E
2017-11-20,6.759,0.9411474292162656,0,43.8624,41.188554027821745,E
2017-11-23,41.6151,0.0031905490762498,0,41.6151,41.525007495314945,O
2017-11-24,41.3685,0.0512704080579578,0,41.3685,41.630272198331866,E
2017-11-28,41.913,0.0023778410916647,0,41.913,42.10677193060303,O
2017-11-30,0.216,0.9983565358514856,0,42.29774880049227,42.34369384390938,I
2017-12-10,40.5531,0.2219939222321983,0,42.885,43.59082272247625,E
2017-12-13,44.8164,0.0041994960604727,0,44.81640000000001,43.96122058270928,O
2017-12-18,9.2952,0.9224420831299516,0,44.50093959555693,44.58864056428956,I
2017-12-20,12.9402,0.8856683922167354,0,44.74962594759601,44.832651984358314,I
2017-12-23,0.2709,0.9979531746193652,0,45.122655475654625,45.19852636797609,I
2017-12-25,16.7409,0.8471506635441062,0,45.371341827693705,45.44001365254584,I
2017-12-26,46.4607,0.0582665961289381,0,46.4607,45.55947704309005,E
2017-12-30,16.7652,0.8514537248209758,0,45.96296592886472,46.023965079075886,I
2018-01-02,36.0324,0.0250815759996103,0,46.31342662272833,46.35686613956467,I
2018-01-07,44.5356,0.1087175792507204,0,44.53560000000001,46.89266922052585,E
2018-01-11,47.9898,0.0541552106430155,0,47.9898,47.323991665476875,E
2018-01-12,48.0744,0.0041574227707451,0,48.0744,47.42547173214452,O
2018-01-14,10.4805,0.9093040281628711,0,47.59672303219894,47.62691565166153,I
2018-01-18,47.5065,0.0584699356081551,0,47.506499999999996,48.02615793740118,E
2018-01-19,20.4165,0.8112116244039247,0,48.097780144743204,48.12072563802702,I
2018-01-22,29.1294,0.3125464624795565,0,48.381732187335096,48.399635418970284,I
2018-01-27,48.7467,0.004905383060812,0,48.7467,48.82752986899671,O
2018-01-29,21.3255,0.8052727168133592,0,49.04137516774044,48.993711051108775,I
2018-02-01,42.6825,0.0505695581670036,0,49.32095953186874,49.241426204988585,I
2018-02-03,50.7852,0.0273382287034164,0,50.7852,49.40722294794923,E
2018-02-06,48.9096,0.0028623853211009,0,48.90959999999999,49.65897073065932,O
2018-02-08,21.7233,0.8014624837547503,0,49.97323288113815,49.8313765957826,I
2018-02-11,49.9149,0.0030020852807938,0,49.91490000000001,50.06936924379197,O
2018-02-12,38.2878,0.5665658016729326,0,50.292594753920866,50.131384380977586,I
2018-02-13,19.179,0.8328837165532168,0,50.346753152042524,50.209877892029525,I
2018-02-18,16.4151,0.8615004935834156,0,50.61754514265079,50.50091209528067,I
2018-02-19,20.4102,0.79609599079294,0,50.67170354077244,50.5438676136913,I
2018-02-21,51.9273,0.0031617138908085,0,51.9273,50.65469043180061,O
2018-02-23,24.5124,0.7726885776761422,0,50.81390008012908,50.714284619883216,I
2018-02-26,51.6672,0.0084289070056653,0,51.6672,50.77104551488023,O
2018-02-28,44.3889,0.3220574287638658,0,49.3596,50.788446978851255,E
2018-03-03,51.6915,0.0113096467671968,0,51.6915,50.77517433904515,E
2018-03-05,19.2627,0.8228888245272871,0,51.007989836404974,50.679332167351134,I
2018-03-07,52.713,0.0335461940828011,0,52.713,50.65059769444641,E
2018-03-08,46.9134,0.2537651033613926,0,50.913895068592396,50.63523318016302,I
2018-03-10,7.1469,0.9400312643955928,0,50.775117161523944,50.512555581599024,I
2018-03-13,39.7818,0.4506679922947865,0,50.56695030092127,50.32250547041423,I
2018-03-15,16.0497,0.8683007525460279,0,50.42817239385282,50.18378214557669,I
2018-03-16,51.786,0.0594196975888843,0,51.786,50.095537410860246,E
2018-03-18,49.7727,0.016887988196185,0,49.77270000000001,49.90862728075017,E
2018-03-20,13.059,0.8855957928266749,0,49.935925224662455,49.709779405238095,I
2018-03-23,47.5614,0.1338141288313391,0,48.69855,49.3937136472813,E
2018-03-25,20.4732,0.8137867240772424,0,49.38840684223436,49.17183885877889,I
2018-03-28,48.9384,0.0019639153497421,0,48.9384,48.82605639566148,O
2018-04-01,0.4788,0.9948772267693788,0,48.50987761348925,48.33975441969943,I
2018-04-02,47.9358,0.0027149999063793,0,47.9358,48.21680568097485,O
2018-04-04,23.6484,0.7785661916519893,0,48.10509505264641,47.967061926218506,I
2018-04-07,40.9185,0.0712520172410271,0,47.69983685344031,47.59645100750276,I
2018-04-08,48.1986,0.0045724907063197,0,48.1986,47.470358633604754,O
2018-04-09,19.2816,0.8245688737492016,0,47.43220212761952,47.34812113412948,I
2018-04-12,46.5615,0.0298717371737173,0,46.5615,46.93043744498246,E
2018-04-14,24.0948,0.7733606487987402,0,46.751445208355186,46.65306802863319,I
2018-04-17,46.0935,0.1711441980903058,0,46.14705,46.190782822476514,E
2018-04-19,21.6162,0.8001165113182422,0,46.01772082851152,45.87703200012087,I
2018-04-22,0.2781,0.9977154433075058,0,45.524314844429526,45.39611044131092,I
2018-04-24,44.4186,0.1538105443634805,0,45.709649999999996,45.06848502331749,E
2018-04-27,42.0273,0.0019022784593681,0,42.0273,44.5743796618292,O
2018-04-29,19.0764,0.8247569283682784,0,44.405908355506696,44.21960885793298,I
2018-05-02,32.1003,0.4883077011362332,0,42.5817,43.70645902709046,E
2018-05-03,45.5535,0.0029155093276599,0,45.55350000000001,43.50879533059874,O
2018-05-04,25.4655,0.7543708873726063,0,43.55220654059738,43.32122655374832,I
2018-05-07,42.9813,0.1724370971095861,0,43.33455,42.739779489537945,E
2018-05-09,16.7742,0.8474483323102107,0,42.64120600532305,42.358630868215265,I
2018-05-10,41.9076,0.0003434950622584,0,41.9076,42.16281424629548,O
2018-05-14,21.1068,0.8002963366657017,0,41.639075514909244,41.369668389135015,I
2018-05-17,40.5252,0.0208537195294322,0,40.5252,40.76960231866727,E
2018-05-19,42.4737,0.0005929565235806,0,42.4737,40.36895964877972,O
2018-05-22,38.754,0.0043470218275989,0,38.754,39.763564070872505,O
2018-05-24,17.4798,0.8385589839074346,0,39.51551540774653,39.35592718523479,I
2018-05-26,0.0918,0.999315270803684,0,39.07938514036352,38.942761124868255,I
2018-05-27,27.1989,0.3882760156265813,0,38.86132000667202,38.73353755586567,I
2018-05-29,3.4839,0.9721177809470304,0,38.42518973928902,38.31660869826584,I
2018-06-01,29.124,0.1487122826401494,0,37.77099433821451,37.68736726307473,I
2018-06-03,11.9997,0.8932044278551174,0,37.33185601290729,37.269167133779284,I
2018-06-04,36.8856,0.0001951600312256,0,36.8856,37.04928249053839,O
2018-06-06,37.0449,0.0127836139492492,0,37.0449,36.61087395335155,E
2018-06-08,9.567,0.9156168385288912,0,36.243519138766345,36.18347720436505,I
2018-06-11,35.9325,0.0389707298286154,0,35.9325,35.516143182182596,E
2018-06-13,3.9258,0.9667350471672932,0,35.15981368295466,35.06455652249513,I
2018-06-16,32.8626,0.6394320022119524,0,33.7635,34.37226626086768,E
2018-06-20,32.8545,0.0001369487811558,0,32.8545,33.416947835203324,O
2018-06-21,34.1568,0.0593600515527796,0,34.1568,33.17669894391546,E
2018-06-23,8.9721,0.9199823413733595,0,32.8907044070883,32.68844011146828,I
2018-06-26,27.1431,0.2721546481320591,0,29.2059,31.958329373841085,E
2018-06-27,22.2237,4.0495666963634886e-05,0,31.850060150032427,31.711131496412264,O
2018-06-28,15.9984,0.8502417900891337,0,31.556580660295058,31.466140353722036,I
2018-07-01,31.0113,0.0098847734260509,0,31.011299999999995,30.697382688997138,O
2018-07-03,11.0745,0.9006106327641633,0,30.132328516257175,30.18904686109896,I
2018-07-06,23.4315,0.6335266462092847,0,29.316608004018505,29.410648398124092,I
2018-07-08,10.3464,0.9084246749936272,0,28.772794329192724,28.877435214728877,I
2018-07-11,20.1663,0.6554730384242815,0,26.0028,28.064126709464674,E
2018-07-13,29.1735,0.0027688047992616,0,29.1735,27.51668175614198,O
2018-07-16,30.6882,0.1508616396055384,0,26.639896276178902,26.696757439503497,I
2018-07-18,13.2183,0.8719361729955967,0,23.5197,26.15377856024746,E
2018-07-21,22.4307,0.0163397403007459,0,22.4307,25.345928952125163,E
2018-07-22,17.073,0.0001054185114906,0,25.072630439457456,25.077873838933563,O
2018-07-23,12.1446,0.8778768270057469,0,24.795769051147328,24.810718390340046,I
2018-07-26,6.9516,0.6262279216065811,0,24.2811,24.01551669508374,E
2018-07-28,9.2115,0.9112200199505572,0,23.411462109596698,23.496189455027675,I
2018-07-29,21.8277,0.0010297388582255,0,21.827700000000004,23.236605998249754,O
2018-07-31,24.9183,0.2692409206081081,0,24.9183,22.71530939800331,E
2018-08-02,11.1708,0.8837152654162529,0,19.6938,22.21796876768112,E
2018-08-05,21.6117,0.0023680930619027,0,21.6117,21.51485249247585,O
2018-08-07,20.6694,0.0003482197266475,0,20.6694,21.117582410410986,O
2018-08-10,13.7394,0.2585721223895095,0,20.236656562984646,20.50144398936392,I
2018-08-12,10.2069,0.8950150428141633,0,19.314,20.072524030168534,E
2018-08-14,18.5103,0.0003888213851761,0,18.5103,19.669249829522467,O
2018-08-15,19.5813,0.0025672763948104,0,19.5813,19.472135688023307,O
2018-08-17,4.7142,0.956945939947888,0,18.5067,19.092463713002395,E
2018-08-20,18.5958,0.0024622217930768,0,18.5958,18.564676451124072,O
2018-08-23,19.0386,0.4602745318160943,0,19.0386,18.080032683212377,E
2018-08-25,0.8955,0.9879723424316418,0,18.1053,17.77261448076511,E
2018-08-27,1.8441,0.9840668740279938,0,17.9199,17.479522901521996,E
2018-08-30,16.3197,0.0346057605281371,0,16.3197,17.043011138495817,E
2018-09-04,15.6411,0.0029831908668464,0,15.6411,16.347298848334365,O
2018-09-08,14.5458,0.0035143966952339,0,14.5458,15.823213787810237,O
2018-09-09,15.4926,0.0034157355410177,0,15.492600000000001,15.699516920276661,O
2018-09-11,10.0368,0.8716286993657408,0,16.434,15.466421113888853,E
2018-09-14,15.1749,0.5025960233642103,0,15.1749,15.166917706216196,E
2018-09-15,13.6314,0.0007916611690196,0,13.6314,15.116815280261378,O
2018-09-16,2.4939,0.9767293431980988,0,14.464668663358756,15.012027272497106,I
2018-09-19,18.8325,0.2610967901408948,0,14.328774104535157,14.849657525060824,I
2018-09-21,8.3556,0.9179082701847152,0,14.238177731986092,14.779485940412583,I
2018-09-24,12.951,0.0043589566180031,0,12.951,14.708651211187359,O
2018-09-26,4.0779,0.9595309122738072,0,15.8265,14.673977590984887,E
2018-09-29,12.9735,0.004351429755491,0,12.9735,14.622438400810973,O
2018-10-01,14.8923,0.8409385844331868,0,14.8923,14.60661613178965,E
2018-10-04,13.1328,0.0031425058068042,0,13.132799999999998,14.591097654517581,O
2018-10-06,5.3397,0.9421565759968804,0,15.975,14.611112658585776,E
2018-10-09,20.6721,0.6765521805866531,0,14.299274044867866,14.643757652392953,I
2018-10-10,12.8286,0.0118544194107452,0,12.8286,14.658046711966783,E
2018-10-11,0.927,0.9919277098991356,0,15.4449,14.671861481588193,E
2018-10-14,8.9667,0.8098010767057386,0,14.38661272769372,14.715444433134806,I
2018-10-17,0.0063,0.9999510622976948,0,14.439788326212614,14.756729739255555,I
2018-10-19,3.8007,0.964167225272161,0,16.38,14.78811273290133,E
2018-10-21,0.3798,0.9968471934792192,0,14.510689124237805,14.830412343933633,I
2018-10-24,15.7059,0.036814217904846,0,15.7059,14.900341492991396,E
2018-10-26,14.562,0.0367900940588165,0,14.562,14.951809413937362,E
2018-10-29,12.807,0.5229794509067748,0,14.706,15.036016677069417,E
2018-10-31,7.3845,0.9219069736453882,0,15.090033562964006,15.112377204130407,I
2018-11-02,15.0912,0.3042034939209095,0,15.0912,15.183517584405632,E
2018-11-03,14.9787,0.0024574442579717,0,14.978699999999998,15.218738253890473,O
2018-11-05,10.26,0.8724646760714645,0,15.463853354256353,15.338744151632604,I
2018-11-08,15.5556,0.0027119035254745,0,15.5556,15.557296321625282,O
2018-11-10,0.0063,0.99994887824258,0,14.9121,15.710434872927879,E
2018-11-11,15.8445,0.3530903211582273,0,15.8445,15.801138401407771,E
2018-11-13,15.3378,0.0048467153284671,0,15.3378,15.983461636085089,O
2018-11-15,12.0195,0.8422718522280355,0,18.45,16.164087374050116,E
2018-11-18,12.1914,0.7947389156589993,0,16.2126,16.438679667516496,E
2018-11-20,5.5836,0.950383083542603,0,19.3257,16.624678922989126,E
2018-11-23,7.0686,0.6600735771478035,0,17.2692,16.907336214183804,E
2018-11-27,16.0983,0.3046571295288446,0,17.620649999999998,17.30132481489468,E
2018-11-28,9.2943,0.3727526724975705,0,17.457032232250054,17.40318850875211,I
2018-11-30,3.5604,0.9672963253833752,0,18.2106,17.60302723000107,E
2018-12-03,17.3979,0.0078525970026688,0,17.3979,17.90944218768613,O
2018-12-04,16.0704,0.6763106373721992,0,17.55945,18.013626552865734,E
2018-12-05,0.4725,0.9962265778295276,0,18.13450284865197,18.105820270595416,I
2018-12-08,19.0431,0.0047507055503292,0,19.0431,18.38085682996669,O
2018-12-10,5.5602,0.9446728101519752,0,18.5652,18.552140047266697,E
2018-12-13,17.8524,0.1071299963989917,0,17.8524,18.79058150763014,E
2018-12-15,0.2115,0.9983952143242486,0,19.159185434967362,18.944304600424978,I
2018-12-18,0.5418,0.9959257980901332,0,19.47437511866591,19.18751270268915,I
2018-12-20,18.7407,0.2884674525884162,0,19.3491,19.363357307549073,E
2018-12-23,14.0949,0.3120277631347742,0,19.999691258163494,19.63581969584036,I
2018-12-25,10.1583,0.901224304054468,0,19.9782,19.83650301975786,E
2018-12-29,17.3547,0.7494738209692089,0,23.382,20.231326781375518,E
2018-12-30,7.6239,0.9265823662474756,0,19.2069,20.334781046589676,E
2019-01-02,9.7686,0.9090650134048256,0,20.1411,20.663789740687243,E
2019-01-04,10.4733,0.8947830018083183,0,19.7964,20.867116448118423,E
2019-01-05,19.4526,0.6294213459065581,0,20.457900000000002,20.97293817322516,E
2019-01-07,21.9285,0.0097541150172729,0,21.9285,21.186148403411988,O
2019-01-09,1.1205,0.9916421637733114,0,21.798100172596353,21.40544136119397,I
2019-01-12,22.3263,0.0082357174269379,0,22.3263,21.753606714266013,O
2019-01-14,20.6703,0.7040258769555917,0,20.997,21.99735683023283,E
2019-01-17,22.8096,0.0125457804098807,0,22.8096,22.368457218179707,E
2019-01-19,9.1134,0.9116011488533292,0,22.909485406882744,22.62500713831512,I
2019-01-21,22.842,0.2095427930733773,0,22.842,22.871985733360148,E
2019-01-22,18.7731,0.7783904382470119,0,21.3156,22.992788078434774,E
2019-01-24,12.897,0.8672472092269211,0,21.087,23.23501596602107,E
2019-01-27,14.58,0.1746905089408528,0,23.800995436827304,23.574394656533364,I
2019-01-30,23.5314,0.2251659554291133,0,23.72985,23.91688637328509,E
2019-02-01,24.5889,0.0236921097770154,0,24.5889,24.149293466913566,E
2019-02-03,12.78,0.8907280436472209,0,24.3621,24.388956866212165,E
2019-02-06,22.1985,0.4629286880783887,0,24.3657,24.745108509028984,E
2019-02-08,11.4903,0.8884646969405762,0,25.190682648046614,24.98059711158414,I
2019-02-11,24.2262,0.1171242087310177,0,24.226199999999995,25.3314774527321,E
2019-02-15,28.0008,0.1316773653363103,0,28.0008,25.804042977309646,E
2019-02-16,19.1349,0.3399664721221905,0,26.169077179913575,25.923123555932822,I
2019-02-18,10.1799,0.903364431686146,0,26.407822887448344,26.162050841120333,I
2019-02-21,14.3388,0.7165074111638997,0,29.16,26.52530637989226,E
2019-02-22,1.0971,0.991593915070269,0,26.88531430251788,26.65299957540022,I
2019-02-26,26.6679,0.0066045326538822,0,26.6679,27.15792777134374,O
2019-02-28,9.4365,0.9120703102068884,0,27.60039877002253,27.421782421865473,I
2019-03-03,27.189,0.0056285178236397,0,27.189000000000004,27.82191430235924,O
2019-03-05,8.9055,0.9182629957293552,0,28.207806301514903,28.088972663909196,I
2019-03-08,7.1028,0.9432736264052212,0,28.58433323077446,28.488202787631213,I
2019-03-10,23.3766,0.8121868153322198,0,30.9222,28.753478610224434,E
2019-03-13,28.3842,0.5049679009245162,0,28.88055,29.154730848448825,E
2019-03-15,4.0383,0.9646709604270663,0,31.8321,29.43154567144635,E
2019-03-18,29.8152,0.1386599412391773,0,29.8152,29.846132199126025,E
2019-03-19,30.3228,0.0307249712313003,0,30.3228,29.98807721058876,E
2019-03-20,7.4655,0.9334856867933604,0,30.09668490195711,30.12276053039831,I
2019-03-23,25.9281,0.1371967654986522,0,30.487884775095157,30.533669723885062,I
2019-03-25,11.1951,0.8973874594755121,0,30.74868469052052,30.809936306267424,I
2019-03-26,31.9149,0.1144269909846914,0,31.9149,30.946676743490194,E
2019-03-28,30.9285,0.0041728244805702,0,30.9285,31.220678109526492,O
2019-03-30,8.9793,0.9203833600663938,0,31.45030783398705,31.497221265598704,I
2019-04-02,27.8775,0.5004112836889728,0,31.887146152893337,31.919335114233654,I
2019-04-04,24.2208,0.5655851493139629,0,32.17837169883086,32.20387321722401,I
2019-04-07,31.8582,0.0038833858622242,0,31.8582,32.63435847252218,O
2019-04-09,12.2607,0.8891898487066862,0,32.92265666355695,32.9155328312831,I
2019-04-11,11.9511,0.8917828648732347,0,33.23010330937676,33.2005801201293,I
2019-04-14,21.2157,0.7918278316466204,0,33.691273278106465,33.63919716361232,I
2019-04-19,16.3215,0.8471168437025797,0,34.45988989265597,34.43518520586942,I
2019-04-20,1.4562,0.9833473991889834,0,34.2684,34.60615477568542,E
2019-04-22,0.0027,0.9999798170075348,0,35.3547,34.96980648074171,E
2019-04-24,27.6318,0.7195600942655145,0,33.1209,35.346980381390026,E
2019-04-27,35.4393,0.0419221411192214,0,35.4393,35.93320006750056,E
2019-04-29,7.8741,0.9332921603611022,0,38.6433,36.33304093996554,E
2019-05-02,35.2197,0.0041733465658956,0,35.2197,36.95946950512611,O
2019-05-06,23.9337,0.6225319725766845,0,37.3993373269888,37.802874054055735,I
2019-05-07,35.8479,0.0138156428730594,0,35.8479,38.049249917804396,E
2019-05-09,17.2359,0.8378737597778605,0,38.085685867275835,38.47608236751333,I
2019-05-12,38.6271,0.0043612406337717,0,38.6271,39.14047719363024,O
2019-05-13,43.0767,0.0080001658065452,0,39.09509640698188,39.39385283752155,O
2019-05-14,32.8671,0.6689690805754221,0,37.6902,39.60898160978673,E
2019-05-17,41.0346,0.0022539772851609,0,41.0346,40.34946234983897,O
2019-05-22,42.1353,0.0022377562763735,0,42.1353,41.66278453396129,O
2019-05-24,32.0832,0.6792744808723504,0,42.17450336378579,42.18471914552413,I
2019-05-27,43.7679,0.002584244313637,0,43.7679,42.957287905283685,O
2019-05-29,43.1109,0.0140175373595158,0,43.110899999999994,43.46247564345813,E
2019-06-01,48.2508,0.3258980774792219,0,44.3464600159808,44.21391771941016,I
2019-06-03,29.4795,0.7182292876375304,0,44.83124276886599,44.664671563279,I
2019-06-06,44.5608,0.1105202644438057,0,44.5608,45.33634082134468,E
2019-06-07,46.7946,0.0002884116210655,0,46.7946,45.525107611517925,O
2019-06-08,9.4077,0.9187965135248513,0,45.986336618656175,45.720842586608875,I
2019-06-11,37.8846,0.0374113880631145,0,46.64031901531337,46.253457458693426,I
2019-06-13,20.9556,0.8052330444674942,0,46.97964456841263,46.622295772801095,I
2019-06-14,47.1798,0.0004385546763275,0,47.1798,46.79344655158657,O
2019-06-16,49.2336,0.050046886395999,0,49.2336,47.154655401895525,E
2019-06-18,17.1765,0.8464959904768798,0,47.63498208398413,47.46211651811131,I
2019-06-21,37.1142,0.0974985227496553,0,48.03009674120034,47.87368472669684,I
2019-06-23,50.2461,0.0098080947820226,0,50.24609999999999,48.079958353213684,O
2019-06-26,43.4043,0.1448203709614498,0,48.5091,48.41954537788495,E
2019-06-28,23.8266,0.7814648803480184,0,48.802297562929795,48.65878534920178,I
2019-06-30,50.9013,0.0005831418978618,0,50.9013,48.87823313214758,O
2019-07-01,1.305,0.985021280112392,0,51.0534,48.98558947180998,E
2019-07-03,31.8159,0.6929497702617019,0,49.331593019182634,49.19382105905296,I
2019-07-08,28.3779,0.7333169815789029,0,49.8239759448213,49.67829600873937,I
2019-07-09,47.5425,0.0004730368968779,0,47.5425,49.76881216785723,O
2019-07-11,48.9789,0.0111385688846894,0,48.9789,49.944593443560166,E
2019-07-13,34.1793,0.6720777819032735,0,50.29628385453864,50.109471367976205,I
2019-07-16,3.5946,0.9621033854562016,0,50.545010158607234,50.35189069533671,I
2019-07-21,51.0912,0.0015302084249406,0,51.09119999999999,50.71266892244639,O
2019-07-25,51.8661,0.0005549678292086,0,51.866099999999996,50.93581336485529,O
2019-07-26,40.887,0.3086603868336554,0,49.6701,50.98021402107785,E
2019-07-28,31.2291,0.7002116722104627,0,51.35928200524366,51.05519349839569,I
2019-07-31,55.3131,0.1646641476608584,0,51.43204269330671,51.13315577116291,I
2019-08-01,52.6797,0.0036257787764273,0,52.6797,51.11961410358803,O
2019-08-02,31.6548,0.6942123612209944,0,51.38139243944309,51.15991636210241,I
2019-08-05,52.9902,0.0017970975179709,0,52.990199999999994,51.1830139118839,O
2019-08-07,30.9402,0.7020531620776024,0,51.29723753146164,51.145177870810656,I
2019-08-10,52.1541,0.0217266527111891,0,52.1541,51.047000089533185,E
2019-08-12,29.1969,0.7198798041636805,0,51.05285696822883,50.959923000886576,I
2019-08-15,46.6389,0.1045273889752894,0,50.96479721010959,50.838558944309085,I
2019-08-17,37.1601,0.6134423098528256,0,50.78782645068261,50.71374473078064,I
2019-08-20,6.0021,0.8994587749317815,0,50.52237031154214,50.471113597678475,I
2019-08-22,26.9586,0.7445549282802613,0,50.34539955211517,50.283702843712895,I
2019-08-25,50.4765,0.0016021361815754,0,50.47650000000001,50.00715106565376,O
2019-08-26,45.7452,0.0008452753042008,0,49.968436361884315,49.90069192885937,O
2019-08-27,7.9425,0.938564248221322,0,49.859478619204026,49.7993534500698,I
2019-08-30,49.7196,0.0016625704785311,0,49.71959999999999,49.51580461237275,O
2019-09-01,22.8114,0.7887921336610975,0,49.32666556378771,49.32806428520669,I
2019-09-02,47.2059,0.0010855488687438,0,47.20590000000001,49.24086315605235,O
2019-09-04,48.5001,0.3828702961453013,0,48.5001,49.06252469507376,E
2019-09-06,25.1964,0.7625908431773276,0,48.83962403059877,48.90526147295873,I
2019-09-09,47.9466,0.0971579643093192,0,47.9466,48.69118375178654,E
2019-09-11,48.0933,0.0012335756873446,0,48.0933,48.55749229528561,O
2019-09-16,15.1848,0.8641250513396632,0,48.17076736000781,48.28679035096586,I
2019-09-18,47.475,0.0047357597026471,0,47.475,48.16729816343449,O
2019-09-19,48.3453,0.0019323312461678,0,48.3453,48.1106043383786,O
2019-09-21,9.4212,0.9182538752879622,0,49.1499,48.045101860217564,E
2019-09-24,0.1719,0.998626393383675,0,46.3104,47.948624931370375,E
2019-09-26,20.5452,0.8110030218984144,0,47.71628008323337,47.89396767373946,I
2019-09-27,47.8647,0.0133939337723773,0,47.8647,47.862601898895946,E
2019-09-29,48.2994,0.0019898462053446,0,48.2994,47.8053328871221,O
2019-10-01,0.0063,0.99995239390642,0,47.56459151164255,47.75405128553266,I
2019-10-04,1.3032,0.9895340937016638,0,47.496679150939976,47.68307872575642,I
2019-10-06,24.4836,0.7659266907589055,0,49.1976,47.63715805969956,E
2019-10-09,47.6127,0.0021878949055998,0,47.6127,47.5734418777683,O
2019-10-13,46.6362,0.0019453379302374,0,46.6362,47.49964365888886,O
2019-10-14,42.2676,0.1699247057160026,0,44.9118,47.488361230272254,E
2019-10-16,27.3618,0.7365282953462171,0,47.296957882609355,47.48631270791116,I
2019-10-19,47.4624,0.0019682059046177,0,47.4624,47.46542668699149,O
2019-10-20,47.1546,0.0143537069435822,0,47.154599999999995,47.46764550918416,E
2019-10-21,19.2879,0.8243878855419712,0,47.351679733695214,47.456556891872,I
2019-10-24,35.0928,0.0121855445494388,0,47.448778911330045,47.55334855485828,I
2019-10-26,29.4138,0.7125214408233277,0,47.51351169641994,47.62228760067998,I
2019-10-29,46.8711,0.0022988946148393,0,46.87109999999999,47.762873485418886,O
2019-10-31,19.8351,0.8344239510161151,0,47.76139763999375,47.87735595065693,I
2019-11-03,41.8104,0.0752264357519657,0,47.98757778890223,48.07623648274444,I
2019-11-05,48.2535,0.0440062050888861,0,48.2535,48.226523831644684,E
2019-11-08,48.0843,0.0024645717806531,0,48.084300000000006,48.45972739997077,O
2019-11-10,16.3161,0.853076804629187,0,50.3604,48.665076778465036,E
2019-11-13,48.5676,0.0026060438037149,0,48.5676,48.97476678202391,O
2019-11-14,48.6234,0.0657305410967195,0,48.6234,49.07038112668711,E
2019-11-15,16.1874,0.8268212366885556,0,49.139020294388025,49.19927813624855,I
2019-11-18,48.7935,0.0023554091603334,0,48.7935,49.5664573526986,O
2019-11-20,13.1922,0.8883225526273685,0,49.89398146554725,49.80683927781153,I
2019-11-23,49.6935,0.0031774114928417,0,49.6935,50.195993839667935,O
2019-11-25,0.0549,0.9995908127398104,0,50.61444960719274,50.46485009555296,I
2019-11-28,0.0936,0.9992139077853364,0,51.03335273536836,50.880704971940816,I
2019-11-30,51.561,0.1787557339449541,0,51.7761,51.16243210511171,E
2019-12-03,0.0738,0.9994362595131208,0,51.683627544059725,51.57840971663847,I
2019-12-05,20.0412,0.8307298199204883,0,51.93096491510924,51.861969529612914,I
2019-12-07,48.2346,0.4807286115686464,0,50.5836,52.13329797907736,E
2019-12-10,15.0732,0.8678418963598917,0,52.549308342733035,52.518430988786086,I
2019-12-13,54.4842,0.0048002630281111,0,54.48420000000001,52.87869536153863,O
2019-12-15,12.0267,0.8964702418767528,0,53.18549967549097,53.1114131511809,I
2019-12-16,41.7528,0.3567120096509838,0,50.949,53.2266853252484,E
2019-12-18,53.6238,0.1464630547517405,0,53.74125,53.45613191116786,E
2019-12-20,12.744,0.8905811716160141,0,53.81070594019758,53.68470064355296,I
2019-12-23,7.3332,0.9439290924605688,0,54.15184846584424,54.0277684360942,I
2019-12-25,5.8653,0.9511692554379182,0,54.37927681627535,54.25575626767044,I
2019-12-28,52.4925,0.3723838116451991,0,53.299350000000004,54.5871534108711,E
2020-01-01,54.4941,0.0465024723630751,0,54.4941,55.00714145689808,E
2020-01-02,10.4247,0.8971277842907386,0,55.25081835239634,55.10677743908269,I
2020-01-04,6.6717,0.9443200937387332,0,55.401902971620544,55.30024126800189,I
2020-01-07,56.1519,0.0230340421533932,0,56.15189999999999,55.58478648414684,E
2020-01-08,24.4107,0.7246367983431303,0,55.710297072181525,55.68325802566123,I
2020-01-09,13.2525,0.8927577818886283,0,55.79206424390619,55.76435265272027,I
2020-01-12,56.6181,0.0074000441793682,0,56.6181,56.019859026135926,O
2020-01-14,8.8533,0.9247659691629956,0,56.180178979852045,56.18179786659962,I
2020-01-17,56.7756,0.0095459398354581,0,56.7756,56.40188361653789,O
2020-01-19,12.816,0.8896551724137931,0,56.53444195444491,56.54972489087375,I
2020-01-24,50.9913,0.0892768159971709,0,56.8845498130326,56.88917124316237,I
2020-01-27,7.4079,0.9397296584851502,0,57.09167441672217,57.09191721009238,I
2020-01-29,12.213,0.9016310257339616,0,57.229757485848545,57.218708149827684,I
2020-02-01,57.2922,0.0053126660208131,0,57.2922,57.40046045803003,O
2020-02-02,17.9397,0.86115309868279,0,57.50393538818251,57.456621922809404,I
2020-02-03,7.695,0.93523217938035,0,57.57098868682691,57.51501277954441,I
2020-02-06,57.1239,0.059716749133359,0,57.1239,57.67497737509359,E
2020-02-08,6.0831,0.9515358802271554,0,57.8773041380583,57.77455838807467,I
2020-02-09,57.9726,0.3710614448773153,0,58.075649999999996,57.822429574859406,E
2020-02-13,5.0472,0.958727985928657,0,58.140193026303834,58.00276937547278,I
2020-02-16,58.4226,0.035610821411062,0,58.42260000000001,58.099437942905794,E
2020-02-18,59.2119,0.025000740982246,0,59.21189999999999,58.143015066768584,E
2020-02-23,5.1858,0.9605415436871264,0,58.24196084368609,58.293789788766745,I
2020-02-25,29.0205,0.659913093003143,0,58.21948632881292,58.340524563803406,I
2020-02-26,58.9464,0.0793753426197939,0,58.946400000000004,58.33545172098656,E
2020-02-28,13.8681,0.8819450828966321,0,58.23390955697886,58.357301360768965,I
2020-03-02,59.0436,0.0035693130211576,0,59.0436,58.32520980060443,O
2020-03-04,10.0521,0.9145597943743642,0,58.236033875444505,58.26165425344482,I
2020-03-05,59.9346,0.0113277016494202,0,59.93460000000001,58.24961909504247,E
2020-03-07,3.9033,0.9526285321070856,0,55.4436,58.169742931544484,E
2020-03-09,14.004,0.8789726677348598,0,58.04261940884149,58.09438182695678,I
2020-03-12,16.6797,0.8284346852059283,0,57.91119596261603,57.95115578659258,I
2020-03-21,58.2408,0.0126786994797308,0,58.2408,57.458646260822896,E
2020-03-22,56.5857,0.4819810170385261,0,57.89640000000001,57.38857241890963,E
2020-03-24,16.8255,0.851457220950928,0,57.29570833448876,57.229810846305526,I
2020-03-27,55.9071,0.004375560969355,0,55.90709999999999,56.967750640327054,O
2020-03-28,57.8025,0.0104311115219869,0,57.8025,56.86307799547288,E
2020-03-29,15.2514,0.8652652000031803,0,56.87755902892733,56.75526755792409,I
2020-04-01,57.3138,0.0169648508050199,0,57.31379999999999,56.42238789598896,E
2020-04-03,10.3986,0.9107220127341288,0,56.27128230177559,56.19508662203248,I
2020-04-06,44.5815,0.4276784785848806,0,57.98295,55.839959391125255,E
2020-04-13,44.6607,0.5541188944398519,0,53.9064,54.91887883072625,E
2020-04-21,53.6841,0.0015901178361006,0,53.6841,53.78632774715484,O
2020-04-22,54.4653,0.0012213034939182,0,54.46529999999999,53.65592697030535,O
2020-04-23,27.4743,0.7416709683424867,0,53.72248653302079,53.483242672068805,I
2020-04-26,53.4492,0.0044924232264985,0,53.4492,53.012827186413595,O
2020-04-28,8.8497,0.924268913517302,0,52.88542917018145,52.6221272627042,I
2020-04-29,53.0793,0.0011854962995579,0,53.07930000000001,52.44014038153371,O
2020-05-01,52.407,0.0019368218980854,0,52.407000000000004,52.003731095937454,O
2020-05-03,32.1435,0.6879695963655426,0,51.80722796528225,51.55848816665218,I
2020-05-06,50.904,0.0015887025595763,0,50.904,50.86208423673117,O
2020-05-08,52.407,0.0036104789445765,0,52.407000000000004,50.4015623800472,O
2020-05-11,48.8934,0.0052733731277694,0,48.89340000000001,49.65816227144798,O
2020-05-13,35.8533,0.6401550051487724,0,49.543611864942655,49.16147535161094,I
2020-05-15,49.9572,0.0009539065171613,0,49.9572,48.66075878892711,O
2020-05-16,47.925,0.0067522196523166,0,47.92499999999999,48.401031884090756,O
2020-05-18,19.323,0.8248004830839031,0,48.105809054619016,47.879068763592045,I
2020-05-21,30.6522,0.1773032513648002,0,47.137279050110536,47.09893022417156,I
2020-05-23,36.5067,0.6269005417636291,0,46.55065741286176,46.58538766016521,I
2020-05-24,48.7701,0.0004611355000553,0,48.77009999999999,46.33174705597234,O
2020-05-26,37.8882,0.0063023722412368,0,45.6863712967767,45.83122056186228,O
2020-05-28,22.5792,0.7909281065359968,0,45.191071597298375,45.336581928674306,I
2020-05-31,48.1923,0.0063832550889758,0,44.4481220480809,44.60080552978457,O
2020-06-02,35.19,0.6444290858826525,0,43.999029716756176,44.11336995559998,I
2020-06-05,41.3766,0.0446564013049892,0,41.3766,43.392896884887925,E
2020-06-09,44.7237,0.0003822014805278,0,44.7237,42.476730433984635,O
2020-06-10,14.1525,0.4744669473965644,0,42.1725234820654,42.250433479285306,I
2020-06-12,31.7556,0.6815092295888433,0,41.69454250690099,41.81516369587599,I
2020-06-15,36.36,0.0593056558083218,0,40.97757104415435,41.15360083772606,I
2020-06-16,44.9289,0.0003003844921499,0,40.74847390349709,40.94040926952587,O
2020-06-17,18.7533,0.8274782867882662,0,40.56756888584214,40.72194620999687,I
2020-06-20,28.4877,0.06501447391741,0,40.024853832877284,40.09445135452238,I
2020-06-22,25.866,0.7473717520480996,0,39.677298938193296,39.67039625433609,I
2020-06-25,39.6459,0.0121986769817244,0,39.6459,39.03297332408902,E
2020-06-27,5.7834,0.9543653329924582,0,38.682,38.59744607123678,E
2020-06-30,37.5489,0.0105769914862333,0,37.5489,37.934460539318515,E
2020-07-02,38.6388,0.0727630072784605,0,38.6388,37.4870400388794,E
2020-07-05,37.3689,0.0280892301210177,0,37.3689,36.80401521008769,E
2020-07-07,9.3141,0.9177554199249792,0,36.45877038095131,36.33574464359752,I
2020-07-10,35.5077,0.0031331328802082,0,35.5077,35.60364704809623,O
2020-07-11,28.3293,0.0869085951324224,0,35.35348942321305,35.35040404434467,I
2020-07-12,13.914,0.8723179333013991,0,35.07958115965675,35.093293834135594,I
2020-07-15,28.0476,0.0595123128923225,0,34.25785636898785,34.303211349376774,I
2020-07-17,4.2399,0.9654185232219278,0,33.72207310424106,33.76523273459071,I
2020-07-18,34.0371,0.482144324250308,0,34.6986,33.494291618086265,E
2020-07-20,3.3948,0.9075444874748764,0,32.91839820712087,32.949761873177906,I
2020-07-22,0.1278,0.9989465640926728,0,32.38261494237409,32.4043776867826,I
2020-07-25,24.2658,0.7434047736876166,0,31.5789400452539,31.595691793401713,I
2020-07-27,30.7098,0.0004686859218466,0,30.7098,31.06540640104117,O
2020-07-30,30.2517,0.0034982656903145,0,30.2517,30.27854303747985,O
2020-08-01,16.542,0.8335039359379671,0,29.726697670402174,29.75652151825456,I
2020-08-03,28.9332,0.0003731343283582,0,28.9332,29.235844594181916,O
2020-08-04,28.7748,0.0984660500789533,0,28.7748,28.9763248311309,E
2020-08-06,10.1664,0.9060193851657724,0,28.411854946947575,28.46340665537942,I
2020-08-09,0.2277,0.9967393125491358,0,25.1046,27.69211470348474,E
2020-08-11,17.4753,0.8147285860137591,0,27.125961050584138,27.184781995928144,I
2020-08-12,22.3704,0.0003619545545948,0,26.86878227131145,26.933724746255617,O
2020-08-14,27.1827,0.0020815436463358,0,27.1827,26.43437160897765,O
2020-08-16,10.9377,0.8948902458009722,0,25.87440211341366,25.94828472101267,I
2020-08-19,25.1721,0.0033851197263397,0,25.1721,25.23745089416424,O
2020-08-21,14.7438,0.8367318463593055,0,24.688105280707045,24.780600462553615,I
2020-08-24,23.9643,0.0073071617641576,0,23.964299999999998,24.117399551004002,O
2020-08-28,22.2228,0.0024240465416936,0,22.222799999999996,23.279381405067717,O
2020-08-31,0.2637,0.9978731280986636,0,22.505289286366725,22.687892837931955,I
2020-09-03,21.5622,0.0046117412439237,0,21.5622,22.1190669419126,O
2020-09-04,20.2644,0.000443931456983,0,20.2644,21.962731653682987,O
2020-09-05,10.6866,0.8890788330577586,0,19.3446,21.754521599820777,E
2020-09-08,4.1463,0.9087993665247946,0,21.74805,21.234228021608782,E
2020-09-13,2.6829,0.1470672389127324,0,20.45092079712728,20.469273759336577,I
2020-09-15,9.7299,0.8959600431134036,0,18.4617,20.201877104598125,E
2020-09-18,19.1619,0.0097669875819729,0,19.1619,19.842754259694267,O
2020-09-20,19.2888,0.0009788840721577,0,19.2888,19.626471571692175,O
2020-09-23,19.2978,0.0038097007991079,0,19.2978,19.30822037198319,O
2020-09-25,7.8705,0.9192073170731708,0,18.3411,19.141347865450513,E
2020-09-28,18.1989,0.0023189263864219,0,18.1989,18.911271457397074,O
2020-09-29,19.1871,0.0009372510426917,0,19.1871,18.89521744165134,O
2020-09-30,10.6236,0.8762359108781127,0,18.2277,18.86489086206653,E
2020-10-03,18.6372,0.0058092083153295,0,18.6372,18.845440589715132,O
2020-10-05,8.6868,0.907346433336853,0,18.2331,18.83546573975335,E
2020-10-06,18.6444,0.0009645061728395,0,18.6444,18.832083242585092,O
2020-10-08,18.8442,0.0075366165805564,0,18.8442,18.870983913850914,O
2020-10-10,11.9484,0.8564461889469187,0,18.36,18.924015328879623,E
2020-10-13,19.0098,0.0033031332578331,0,19.0098,19.032704159050184,O
2020-10-15,19.5183,0.0018869661266568,0,19.5183,19.121863774800122,O
2020-10-18,19.3869,0.0049886830800498,0,19.3869,19.27526954200598,O
2020-10-20,12.3426,0.8497095890410958,0,18.4086,19.386632206436698,E
2020-10-22,19.8171,0.0015417403527864,0,19.8171,19.504876776328015,O
2020-10-23,19.9809,0.0023367635824383,0,19.9809,19.566689727501952,O
2020-10-25,4.7808,0.9609727426346336,0,18.2439,19.697057421145868,E
2020-10-28,20.0079,0.0087394658224461,0,20.0079,19.909683770152455,O
2020-10-30,13.6791,0.8330000439502483,0,18.9684,20.058857569635002,E
2020-10-31,21.6333,0.1017563527653213,0,21.633300000000002,20.134522128281933,E
2020-11-02,13.7655,0.0295050761421319,0,20.634679588150906,20.286605921495447,I
2020-11-04,9.7929,0.8986418511066399,0,19.0242,20.437590390978734,E
2020-11-07,0.0738,0.999432443469293,0,20.869731464618187,20.65332068307169,I
2020-11-09,12.9807,0.8348618601083135,0,18.8658,20.78968739595,E
2020-11-12,8.9748,0.9224433607876992,0,21.10478334108547,20.98690278789278,I
2020-11-16,22.0482,0.1450109936132342,0,22.048199999999998,21.235915974952665,E
2020-11-17,21.4947,0.0037542235014391,0,21.494700000000005,21.296655692042624,O
2020-11-19,15.192,0.8124798649144052,0,19.3554,21.40329836454684,E
2020-11-22,12.1914,0.1002922422954303,0,21.64682762184934,21.582674009929363,I
2020-11-23,1.5687,0.9872700316240752,0,24.3342,21.636337931995584,E
2020-11-24,19.0782,0.8226583676337718,0,19.0782,21.695560830735666,E
2020-11-27,20.9178,0.0101784421447127,0,20.9178,21.842519090520238,E
2020-11-29,11.7171,0.8701838704530951,0,24.4287,21.942040397058847,E
2020-12-02,12.4623,0.7683867190766915,0,22.6494,22.080408046998247,E
2020-12-04,10.566,0.889210792039031,0,22.499898169880233,22.181482846574674,I
2020-12-07,21.8169,0.0900525525525525,0,21.8169,22.354683806671805,E
2020-12-09,21.3606,0.2941351415655484,0,21.78675,22.49233104865673,E
2020-12-12,22.7367,0.038259479214253,0,22.7367,22.73756584329922,E
2020-12-14,4.3605,0.9615805500047578,0,25.2675,22.915221796862618,E
2020-12-17,23.1147,0.0080336796570236,0,23.1147,23.194886476781136,O
2020-12-18,22.248,0.2782692476132083,0,22.611600000000003,23.28996455803967,E
2020-12-19,10.5912,0.8942401883689372,0,23.681680133068756,23.38557807461485,I
2020-12-22,25.7148,0.3878259379084267,0,25.9164,23.679095559613682,E
2020-12-24,6.1884,0.9451013580946754,0,24.16364808478108,23.884044129641058,I
2020-12-25,22.3884,0.3099583911234396,0,22.77765,23.990179059762823,E
2020-12-27,24.7419,0.0055346548979887,0,24.7419,24.20863418936769,O
2020-12-29,0.0063,0.9999529244033168,0,24.649118105219515,24.428768072120693,I
2021-01-01,3.4857,0.9736103351003664,0,24.94355197933608,24.75126512838485,I
2021-01-03,21.2832,0.4522756224667053,0,24.3846,24.961095591988684,E
2021-01-06,25.5213,0.0140810792017244,0,25.5213,25.27338022862154,E
2021-01-08,18.3942,0.7900715921813531,0,22.779,25.48285237987291,E
2021-01-10,20.1483,0.648924992551006,0,25.551,25.692718571472685,E
2021-01-11,25.8282,0.0051306940303681,0,25.8282,25.797705318666527,O
2021-01-13,16.2567,0.8291510995507212,0,26.170709428198276,26.00991806278459,I
2021-01-16,49.4325,0.3277151495122339,0,26.466550990710502,26.332405892892634,I
2021-01-18,21.7152,0.7293185846664723,0,24.2235,26.547648031995116,E
2021-01-19,20.0817,0.3072002980718477,0,25.6023,26.6572235327204,E
2021-01-21,1.7721,0.9848604842492138,0,26.959620261564208,26.875642708760648,I
2021-01-23,20.0817,0.778436454268323,0,24.9129,27.09607092145344,E
2021-01-26,3.0843,0.9760225571274646,0,27.452689532417917,27.426714475748316,I
2021-01-28,16.8174,0.8473066614368832,0,28.0773,27.646605723982592,E
2021-01-31,27.6759,0.0039194091733609,0,27.6759,27.97087852520696,O
2021-02-04,29.5155,0.0829908005480524,0,29.5155,28.36903413408345,E
2021-02-05,28.053,0.004407819087773,0,28.053,28.460627417799838,O
2021-02-07,22.5207,0.6999784183012805,0,28.603263769980405,28.635404070859547,I
2021-02-10,15.3594,0.8536878113184901,0,28.864229962999865,28.86204911055436,I
2021-02-11,30.2067,0.0864476441928196,0,30.2067,28.95580918442054,E
2021-02-17,23.3874,0.7412191162850912,0,27.3555,29.422882966736005,E
2021-02-20,29.8935,0.0022529288074496,0,29.8935,29.63276717848441,O
2021-02-22,17.1864,0.8290313627532613,0,32.5953,29.775255401430236,E
2021-02-25,29.7729,0.0054117434833588,0,29.772900000000003,29.984256131632698,O
2021-02-27,16.5195,0.8475878103462593,0,30.205935690688083,30.119218064635906,I
2021-03-02,30.1653,0.0054597786415833,0,30.1653,30.314850403318836,O
2021-03-04,18.9486,0.8040248715466528,0,30.52942096902302,30.437887674390776,I
2021-03-07,30.8007,0.0031458448632431,0,30.800699999999996,30.6133831684672,O
2021-03-08,38.0727,0.6919990971772226,0,30.78283755899444,30.672715486711223,I
2021-03-12,30.0321,0.4481270156288762,0,30.1068,30.909187058904894,E
2021-03-14,19.98,0.8154168502797848,0,31.139951637796603,31.028782547625166,I
2021-03-15,23.5845,0.659529408707628,0,31.199470650930298,31.087355133651908,I
2021-03-17,31.3848,0.0032584462356371,0,31.3848,31.20553533026653,O
2021-03-19,20.3139,0.7931277839898814,0,31.441671348905878,31.32140421682353,I
2021-03-22,24.5898,0.7487031382215519,0,31.626415356468172,31.490326919095963,I
2021-03-24,21.7332,0.8253486084591796,0,31.749578028176366,31.596384235859784,I
2021-03-27,30.8097,0.5449978069301008,0,30.8097,31.755228694848608,E
2021-03-29,15.4845,0.8517398273098599,0,32.057484707446854,31.860043830983315,I
2021-03-31,35.0253,0.0160548139158576,0,35.0253,31.95616654566247,E
2021-04-01,28.7883,0.0129601629277625,0,32.24854437760877,31.998728380549053,I
2021-04-03,16.6356,0.8426813284082592,0,32.35905102615372,32.09175661864786,I
2021-04-06,31.8267,0.0641242788334303,0,31.8267,32.232137683380536,E
2021-04-08,9.9612,0.9118235195704304,0,32.6164641157392,32.32903468742446,I
2021-04-09,34.0596,0.0010031149358534,0,34.0596,32.379620893474396,O
2021-04-11,31.6665,0.0033424921394782,0,31.6665,32.48394780219584,O
2021-04-13,12.7908,0.8829295616860383,0,32.84717619110924,32.59100102524825,I
2021-04-16,35.4555,0.0675518947194016,0,35.4555,32.73860267965579,E
2021-04-21,32.1687,0.0025394876374393,0,32.1687,32.94805913048793,O
2021-04-25,33.4467,0.0008066033931116,0,33.4467,33.0562366780293,O
2021-04-26,29.1483,0.0118382913806254,0,33.40858202180334,33.07310064201759,I
2021-05-01,33.4764,0.001985511134961,0,33.4764,33.085185100637595,O
2021-05-02,34.3917,0.0004708221077136,0,34.3917,33.02640841964509,O
2021-05-03,16.128,0.8475425596174951,0,33.608733144745436,33.039691606300416,I
2021-05-06,33.5979,0.0020050259316687,0,33.5979,32.902832070078276,O
2021-05-08,13.0851,0.8793764311552119,0,33.30794861482034,32.771771257143406,I
2021-05-11,27.0846,0.0080754144830086,0,33.04090248185656,32.53889363062884,O
2021-05-13,23.6475,0.7619047619047619,0,30.285,32.373009031447026,E
2021-05-16,30.69,0.4597677476592576,0,30.7557,32.116260930306474,E
2021-05-18,17.3331,0.8044652466140069,0,32.124986666832555,31.914123674357732,I
2021-05-21,0.1737,0.9986733754003932,0,31.732451317536555,31.583425658211567,I
2021-05-23,25.2225,0.7334278186262854,0,29.9601,31.343456950017273,E
2021-05-26,3.78,0.9249517546994496,0,31.078225735376552,30.97379897592398,I
2021-05-27,33.8643,0.0001860020194504,0,30.94738061894455,30.8466655221551,O
2021-05-28,16.0488,0.8484652775417247,0,30.835702418020173,30.716463606920986,I
2021-05-31,9.7803,0.8769977815004302,0,30.2859,30.30154080993831,E
2021-06-02,16.74,0.8281977388605631,0,30.277311413398298,30.002468388869808,I
2021-06-03,31.3218,0.0119804678628208,0,31.3218,29.831195728284143,E
2021-06-05,31.4658,0.0875828592306487,0,31.4658,29.504577167901573,E
2021-06-07,12.5829,0.8843321861142366,0,29.675461676580856,29.188403015825926,I
2021-06-10,28.8855,0.0190415062045357,0,28.885499999999997,28.706515605939856,E
2021-06-12,28.8108,9.37060752772138e-05,0,28.8108,28.390015432168997,O
2021-06-15,26.559,0.0175450277990478,0,26.559,27.918815204401945,E
2021-06-17,7.7274,0.9310355906473144,0,27.862527284500437,27.600059462935903,I
2021-06-19,26.7678,6.724045185583647e-05,0,26.767800000000005,27.28754846632612,O
2021-06-20,26.0703,0.0296462548572959,0,26.0703,27.133627106208603,E
2021-06-22,17.8839,0.8169010191106278,0,25.3377,26.829903773526286,E
2021-06-25,23.0427,0.4683100053993437,0,26.3898,26.38149725017833,E
2021-06-27,10.2096,0.9039726410063236,0,26.37571567335312,26.089472271848425,I
2021-07-02,18.2556,0.8137151358748059,0,25.0605,25.4140061969672,E
2021-07-05,9.4635,0.7206800371895339,0,25.20645686346431,25.0467500219809,I
2021-07-10,24.5718,0.0045212572011959,0,24.5718,24.468350251572936,O
2021-07-14,24.1443,0.0135318992461849,0,24.1443,24.030579935039356,E
2021-07-15,20.2527,0.1000959769655282,0,23.894933929690563,23.927352908555417,I
2021-07-17,13.1877,0.8725637702964786,0,22.5702,23.70978421971934,E
2021-07-20,22.1922,0.0300145548955587,0,22.1922,23.39689387882888,E
2021-07-21,19.2231,0.1775826883831966,0,23.266648837479032,23.28735100483133,I
2021-07-22,12.5271,0.8517425759447829,0,23.17096076319372,23.18892768538944,I
2021-07-25,23.8968,0.1186643210409267,0,23.8968,22.88303985048985,E
2021-07-27,10.7262,0.8903285175301371,0,22.710383271596534,22.685345572154066,I
2021-07-30,27.7515,0.3216218594623135,0,22.450113368484658,22.390118807477666,I
2021-08-01,15.8085,0.8245692883895132,0,21.879,22.19300747222033,E
2021-08-04,22.5495,0.0028654435467823,0,22.5495,21.907724055329055,O
2021-08-06,21.2544,0.0003809523809523,0,21.2544,21.716185916318583,O
2021-08-09,11.3085,0.767757795316341,0,21.632378647750933,21.44620744112989,I
2021-08-11,8.1657,0.9181329290960604,0,23.1732,21.279097776354828,E
2021-08-14,0.2844,0.9973111417436736,0,24.0399,21.048040439323646,E
2021-08-15,13.6377,0.8775752581317563,0,18.4446,20.97559091055062,E
2021-08-16,10.4841,0.8978193747587804,0,20.5344,20.905721337872865,E
2021-08-19,19.9692,0.0041739598761276,0,19.9692,20.70640788650108,O
2021-08-21,8.9271,0.9091650030220334,0,18.7866,20.577643992825347,E
2021-08-22,20.0106,0.0045220505932393,0,20.0106,20.515387113986378,O
2021-08-24,20.9547,0.0095290764453141,0,20.9547,20.40027184273303,O
2021-08-26,9.2268,0.9053553789200616,0,18.9009,20.306081318523127,E
2021-08-29,19.3113,0.6286495560824493,0,20.68155,20.22339435298347,E
2021-08-31,20.1969,0.0009793883274718,0,20.1969,20.207632073739223,O
2021-09-03,4.482,0.8296154372519502,0,20.509740967876162,20.22454409571719,I
2021-09-05,9.4221,0.905280205562492,0,19.2465,20.259035323312403,E
2021-09-07,19.4652,0.0005083414205832,0,19.4652,20.28329225760777,O
2021-09-08,20.565,0.0030541012216404,0,20.565,20.294289485541825,O
2021-09-10,9.198,0.9071845682992618,0,18.9162,20.348008861750422,E
2021-09-13,21.0879,0.0032330795082315,0,21.0879,20.439795736100653,O
2021-09-15,1.0251,0.991523342437616,0,17.9892,20.502338115340137,E
2021-09-16,20.3184,0.000398494576046,0,20.3184,20.53797882309119,O
2021-09-18,20.9142,0.0029604839747715,0,20.9142,20.59147339408829,O
2021-09-20,7.6122,0.9241189980621546,0,18.6732,20.640656813329617,E
2021-09-23,20.556,0.1374622356495468,0,20.556,20.710264619062478,E
2021-09-28,22.1058,0.6416817412615977,0,22.279049999999998,20.816609338457482,E
2021-10-02,21.3624,0.0010941839912465,0,21.362399999999997,20.875711255893894,O
2021-10-03,22.0401,0.0027690678828847,0,22.0401,20.88667771609531,O
2021-10-05,14.3739,0.8377557447327251,0,20.1024,20.90537226068224,E
2021-10-08,11.8314,0.9047191076385616,0,21.6756,20.943700702318807,E
2021-10-09,20.9187,0.0015035655984191,0,20.9187,20.955292703934237,O
2021-10-10,15.3189,0.8031161800768055,0,19.4904,20.97340304162675,E
2021-10-13,21.0177,0.0031587484526401,0,21.0177,21.02825830205909,O
2021-10-15,14.7969,0.8211223779267126,0,19.3842,21.07471511033965,E
2021-10-18,20.673,0.0025619870597941,0,20.673,21.159176031157198,O
2021-10-20,17.9604,0.7626997716894978,0,20.5587,21.224484803335702,E
2021-10-23,19.1934,0.1593345947650583,0,19.1934,21.304068085115023,E
2021-10-25,21.8016,0.0020187039096938,0,21.801599999999997,21.389103851374173,O
2021-10-28,21.8691,0.0022993225210429,0,21.8691,21.541808672975346,O
2021-10-30,19.1439,0.7408282870127813,0,20.2302,21.65733757923638,E
2021-11-02,43.0839,0.1735835376169595,0,22.107339784615746,21.855755127715103,I
2021-11-03,23.1057,0.0162093807480073,0,23.1057,21.92640733267197,E
2021-11-04,14.1309,0.8462314412191013,0,20.8062,21.997268481331187,E
2021-11-07,22.3659,0.0022483639137591,0,22.3659,22.20688100188823,O
2021-11-09,18.2079,0.7717724831911917,0,21.4344,22.339996812375926,E
2021-11-10,22.9725,0.0361377539460765,0,22.9725,22.405069934626567,E
2021-11-12,22.3191,0.0038161806057684,0,22.319100000000002,22.535059606781548,O
2021-11-14,10.1331,0.8987090099410733,0,22.91131135171146,22.668810129916395,I
2021-11-17,13.6044,0.1694505494505494,0,23.10057424225506,22.882682002102577,I
2021-11-19,22.2201,0.3997471493520702,0,22.493699999999997,23.029596331522207,E
2021-11-22,15.2955,0.7543116533907738,0,23.416012393161058,23.257130762565986,I
2021-11-24,10.3689,0.9018645814700296,0,23.54218765352346,23.41430631692869,I
2021-11-26,23.0859,0.2415883152977352,0,23.4,23.572949852213064,E
2021-11-27,23.031,0.0083317186591745,0,23.030999999999995,23.65244236590534,O
2021-11-29,12.7674,0.8700511148159684,0,21.4227,23.808446772578606,E
2021-12-02,24.7914,0.0037973310187696,0,24.7914,24.05663360783021,O
2021-12-04,23.9589,0.2028447372361131,0,23.9589,24.235650538772564,E
2021-12-05,24.2559,0.1813929471797831,0,24.2559,24.325376951956684,E
2021-12-07,28.7964,0.7034909043731293,0,24.539742324895712,24.50674780933816,I
2021-12-09,8.7831,0.905771143317852,0,24.72342148708056,24.69486265195807,I
2021-12-12,25.0335,0.0051148150797625,0,25.0335,24.976385012674825,O
2021-12-13,24.5178,0.1981279251170046,0,24.517800000000005,25.071510927274687,E
2021-12-14,11.4588,0.8886332823092062,0,25.18611893040217,25.1619242246851,I
2021-12-17,25.9002,0.0035663585055919,0,25.9002,25.431788989945765,O
2021-12-19,12.8466,0.8748706979679858,0,25.65059082209994,25.60500999311958,I
2021-12-20,25.0272,0.2081779093937754,0,25.027200000000004,25.693712251958267,E
2021-12-21,0.8874,0.9933550339324584,0,25.8372938153648,25.783742764649343,I
2021-12-22,26.8047,0.0046786752665173,0,26.8047,25.875299274153047,O
2021-12-24,12.9978,0.8917902339974375,0,26.126525091725817,26.061063397590225,I
2021-12-27,3.6009,0.9664730971953376,0,26.420697905445788,26.346477060672377,I
2021-12-28,0.4419,0.5785407725321888,0,26.518755510019112,26.44296690646848,I
2021-12-29,25.6644,0.4663223101828458,0,25.9974,26.53804026066398,E
2022-01-01,25.0965,0.691612660635686,0,25.0965,26.82026970319087,E
2022-01-03,14.7735,0.84969462783053,0,27.10710113745905,27.011824572234882,I
2022-01-05,26.4942,0.181049351805486,0,26.494199999999996,27.21489389103626,E
2022-01-06,27.9864,0.0039080017938368,0,27.9864,27.31442963098003,O
2022-01-08,0.0504,0.999623896034118,0,27.590683216249996,27.5103254155415,I
2022-01-11,16.7805,0.1669645250647842,0,27.874487220480212,27.817355009829633,I
2022-01-13,27.7974,0.1574783818434763,0,27.7974,28.02250792726461,E
2022-01-14,27.9909,0.141425574204947,0,27.9909,28.12631327037253,E
2022-01-16,28.4724,0.0486271915315911,0,28.472400000000004,28.334382282994216,E
2022-01-21,29.4372,0.0032303285183153,0,29.4372,28.837711883764957,O
2022-01-22,7.6923,0.9367563487835198,0,28.921202356895044,28.936606166839123,I
2022-01-23,4.3047,0.9658744711363524,0,29.021102482940037,29.037269884949925,I
2022-01-26,29.2941,0.0034596779131712,0,29.2941,29.331846177386844,O
2022-01-29,29.1141,0.1578412995938769,0,29.114099999999997,29.626935023704203,E
2022-01-30,0.1071,0.9991906854010528,0,29.718377241555693,29.725220243543326,I
2022-01-31,30.1725,0.0030332768311178,0,30.1725,29.823557150851574,O
2022-02-02,0.837,0.9936999979677412,0,30.012506545437063,30.017757437847397,I
2022-02-05,30.4083,0.3567933903177292,0,30.4857,30.31034037328583,E
2022-02-06,30.1239,0.1543883583447021,0,30.123900000000003,30.410589418325863,E
2022-02-07,30.2724,0.137427875368637,0,30.2724,30.50781028156407,E
2022-02-10,30.8196,0.0031149020406975,0,30.819599999999998,30.800722306247348,O
2022-02-12,11.0115,0.9007543802725504,0,30.982977739275952,30.994173512055344,I
2022-02-14,31.7736,0.0962291682666462,0,31.7736,31.17579807850801,E
2022-02-15,31.0698,0.0626408536750929,0,31.0698,31.266948826850424,E
2022-02-17,4.3119,0.9662308370044054,0,31.456854711290205,31.452037947089106,I
2022-02-20,31.5027,0.1271507655478529,0,31.5027,31.71208924185138,E
2022-02-22,32.5413,0.0651066580478345,0,32.5413,31.874269609318997,E
2022-02-23,32.7933,0.0928622998979261,0,32.7933,31.957901132831545,E
2022-02-25,31.2768,0.0066599971416321,0,31.276799999999998,32.12341485368322,O
2022-02-27,11.6649,0.9029429384454096,0,32.33466512217876,32.285368755606555,I
2022-03-02,32.4036,0.0038182723700957,0,32.4036,32.52490989158021,O
2022-03-03,3.8457,0.9685155985204617,0,32.66283709984138,32.604876002514594,I
2022-03-04,23.5602,0.7602725299682233,0,32.75194556021424,32.68198322400468,I
2022-03-07,32.49,0.0044949397457463,0,32.49,32.92293135601847,O
2022-03-10,34.7643,0.0453747868423003,0,34.7643,33.15383823969296,E
2022-03-11,32.8374,0.1450864614086883,0,32.8374,33.227806368378126,E
2022-03-12,33.2073,0.0095562773467908,0,33.2073,33.30399066959069,O
2022-03-14,24.2442,0.7551157695699208,0,33.66115632083289,33.448459108105126,I
2022-03-17,31.3218,0.0076701548287759,0,31.3218,33.66437416117735,O
2022-03-19,35.4978,0.0131358370655791,0,35.4978,33.798151257940916,E
2022-03-22,27.315,0.554024069475262,0,34.14289456765427,34.008895132169364,I
2022-03-24,22.2093,0.7822649666916663,0,34.22105197710909,34.13301576092251,I
2022-03-26,35.8884,0.0447489459563051,0,35.8884,34.223486305236904,E
2022-03-27,32.2632,0.2551838769997922,0,32.7087,34.270008118196586,E
2022-03-29,11.4948,0.8957191962572565,0,34.428895646895604,34.37020413332748,I
2022-04-01,34.7364,0.0556167266143042,0,34.7364,34.46522816308186,E
2022-04-03,34.8579,0.0330545499937585,0,34.8579,34.465861117682095,E
2022-04-04,34.8003,0.0053504823151125,0,34.8003,34.464855049815654,O
2022-04-06,31.7457,0.0021782178217821,0,31.7457,34.45296641604068,O
2022-04-08,15.9291,0.858355874961986,0,34.485455645668075,34.43310053655259,I
2022-04-11,32.7249,0.0013183553516987,0,32.7249,34.392066862061846,O
2022-04-12,35.8767,0.004843098584517,0,35.8767,34.37362733861752,O
2022-04-13,15.6402,0.8724185271380432,0,34.28688380812407,34.36016966616228,I
2022-04-16,28.4157,0.5743846216063196,0,34.1842433275547,34.277632068933535,I
2022-04-19,28.9332,0.7624877173021655,0,31.6134,34.19750768323591,E
2022-04-20,34.6464,0.0006489966511772,0,34.6464,34.171978835584994,O
2022-04-21,33.9012,0.0018813429078671,0,33.9012,34.148038497161856,O
2022-04-23,10.3644,0.8911520902844072,0,34.01871550066217,34.09958641418954,I
2022-04-26,33.0507,0.052749690466364,0,33.0507,34.0605338169361,E
2022-04-27,34.5861,0.000390177921132,0,34.5861,34.05295943983129,O
2022-04-28,33.804,0.000345993133367,0,33.804,34.03945865981543,O
2022-05-01,32.337,0.0094560692526121,0,32.337,33.9930892383193,O
2022-05-03,4.6458,0.962554858365674,0,33.93700570958924,33.95272089818055,I
2022-05-05,35.2278,0.0002809490971317,0,35.2278,33.88409852945638,O
2022-05-06,29.3193,0.0623974672614764,0,33.87911809447966,33.84723814761174,I
2022-05-08,13.9725,0.8719672104108596,0,33.85820377449748,33.782483820913555,I
2022-05-11,34.4916,0.0026025400791172,0,34.4916,33.621792475260236,O
2022-05-13,34.1424,0.0002898779877197,0,34.1424,33.43455158925855,O
2022-05-14,33.9858,0.000238278044002,0,33.9858,33.348128204329306,O
2022-05-16,33.0426,0.0032578595862518,0,33.0426,33.15695723696692,O
2022-05-18,23.2236,0.7724153745744474,0,31.0392,32.93521178035776,E
2022-05-21,33.1245,0.0052971541309694,0,33.1245,32.517335791275,O
2022-05-22,25.1028,0.6628835950058619,0,33.5511,32.37137376292686,E
2022-05-23,11.727,0.8960502277640826,0,32.29090012165367,32.23871908726412,I
2022-05-26,28.296,0.074722622796433,0,31.73263318408827,31.72835859557682,I
2022-05-29,31.9203,0.0004790891669484,0,31.9203,31.127603837271668,O
2022-05-30,35.6778,0.000201765447667,0,30.799191857649618,30.923011205837984,O
2022-05-31,24.5133,0.1162270028229339,0,30.561094772389563,30.70519847426324,I
2022-06-02,20.6253,0.8046624616433686,0,30.3597,30.2868979501974,E
2022-06-06,30.3777,8.887308922858158e-05,0,30.3777,29.428337323224806,O
2022-06-07,27.8415,0.00074294205052,0,27.8415,29.209305501057578,O
2022-06-10,30.9213,0.0346445630795167,0,30.9213,28.583768964156526,E
2022-06-12,1.1745,0.9905251464790572,0,28.054420065826772,28.184117193532792,I
2022-06-14,25.3818,0.0013809709287914,0,25.3818,27.775937895401736,O
2022-06-15,27.0054,0.0523323753276695,0,27.005399999999998,27.584145166609215,E
2022-06-17,0.4617,0.9960154101875012,0,27.12458258183272,27.22200666270951,I
2022-06-20,18.6534,0.2202994507561508,0,26.55304066196032,26.64806192299744,I
2022-06-22,2.5983,0.9801512547267104,0,24.1551,26.261159617374947,E
2022-06-25,1.4517,0.9843296124663616,0,25.0659,25.698014021037366,E
2022-06-27,10.7082,0.8606008060736713,0,25.188586656496856,25.303473493452536,I
2022-06-30,25.5141,0.0095035114077076,0,25.5141,24.709487815921953,O
2022-07-01,25.1802,0.0003572959839931,0,25.1802,24.500016376009043,O
2022-07-02,24.6051,0.6797399402565455,0,25.5186,24.267289935524985,E
2022-07-05,24.3027,0.0161766313258279,0,24.3027,23.62877531382437,E
2022-07-08,20.0097,0.0003147482014388,0,20.0097,22.985147006358964,O
2022-07-09,22.9131,0.0016861422633518,0,22.9131,22.756884952741228,O
2022-07-10,23.1795,0.0077438742487286,0,23.1795,22.517477357020173,O
2022-07-12,20.4327,0.7464541779276763,0,21.8268,22.052002228246433,E
2022-07-15,19.9098,0.0086933142140168,0,19.9098,21.34631206820164,O
2022-07-16,16.8948,0.0002662832188315,0,20.558485118972275,21.10030849444834,O
2022-07-17,12.5505,0.00014340001434,0,20.281457667178326,20.86560870599747,O
2022-07-20,17.5032,0.6110866695996481,0,19.69785,20.166669965984827,E
2022-07-22,12.9006,0.8615513894120715,0,20.1708,19.760943549679688,E
2022-07-25,18.8109,0.009806708357021,0,18.8109,19.231243989618196,O
2022-07-27,6.435,0.9376683608086548,0,18.9288,18.87519567563256,E
2022-07-30,8.1,0.7999244158904475,0,16.6284,18.39071962003906,E
2022-08-01,15.2361,0.0018278301886792,0,15.2361,18.117260780301145,O
2022-08-02,5.517,0.948944747055786,0,19.3086,17.983758579290804,E
2022-08-04,10.8981,0.7911341095299699,0,16.6095,17.72718702302214,E
2022-08-06,5.085,0.9457586114204524,0,18.3366,17.48721217055664,E
2022-08-09,13.7502,0.0334661858670209,0,13.7502,17.189471294884388,E
2022-08-10,14.4441,0.0229514184828929,0,14.4441,17.08990468161171,E
2022-08-11,0.3303,0.997362330923256,0,16.570369287481395,16.958303715692878,I
2022-08-14,2.7918,0.8957381016402259,0,15.1443,16.71402550441098,E
2022-08-17,0.2466,0.9980965745288328,0,14.9913,16.563483150615266,E
2022-08-18,5.4081,0.924331335314562,0,16.668129537807857,16.54004724202161,I
2022-08-19,5.2335,0.9362648925326348,0,15.6762,16.529018680633264,E
2022-08-21,6.3423,0.9238656006914434,0,16.2117,16.496289009552935,E
2022-08-24,14.9517,0.5468975862539207,0,14.9517,16.61339297316192,E
2022-08-25,17.8488,0.114958943234559,0,17.8488,16.70973544099952,E
2022-08-26,16.2135,0.0010535654874126,0,16.2135,16.78554177031007,O
2022-08-29,16.5996,0.0061429033301002,0,16.5996,17.052620212230263,O
2022-08-31,5.0166,0.9560572973740018,0,16.5141,17.256076375048494,E
2022-09-02,16.9722,0.001429706115965,0,16.9722,17.470400514465027,O
2022-09-03,18.3123,0.015245377988578,0,18.3123,17.578610425511737,E
2022-09-05,6.7734,0.9342529418445168,0,18.8226,17.795160671848855,E
2022-09-08,18.2574,0.4045438534695315,0,18.89055,18.13112461670521,E
2022-09-10,17.9964,0.0013983220135836,0,17.9964,18.338723719803117,O
2022-09-11,2.6865,0.9783270044798118,0,20.4795,18.4433530210637,E
2022-09-13,3.6909,0.8958370374133244,0,18.5157,18.646118390002425,E
2022-09-15,0.1881,0.998452298965484,0,18.621795460966336,18.814517337120616,I
2022-09-18,19.2078,0.0091001950041786,0,19.2078,19.098289402814846,O
2022-09-19,19.4814,0.00115361543076,0,19.4814,19.184226047965694,O
2022-09-20,13.6386,0.835728997289973,0,19.9089,19.264646677953195,E
2022-09-23,19.7829,0.0034004352557127,0,19.7829,19.51154366410155,O
2022-09-26,16.9839,0.409358372456964,0,18.61875,19.75031605002366,E
2022-09-27,18.6309,0.0005793463042533,0,18.6309,19.831910612513884,O
2022-09-28,20.1708,0.0026256063370566,0,20.1708,19.917476386090136,O
2022-09-30,11.3202,0.8767007803003568,0,20.3238,20.08848215331297,E
2022-10-03,0.9765,0.9917582000212692,0,20.168198368457897,20.348357487982216,I
2022-10-05,0.1971,0.998105945945946,0,20.35901106378124,20.512548350308286,I
2022-10-10,3.267,0.971364335581588,0,21.6855,20.943488258797547,E
2022-10-12,19.3032,0.0013037809647979,0,19.3032,21.123356707677953,O
2022-10-13,20.6955,0.0029052120371173,0,20.6955,21.21818005569073,O
2022-10-15,9.8307,0.904520899984266,0,21.6045,21.407959919481467,E
2022-10-18,31.6557,0.3952060800935399,0,21.5899287701253,21.697270441959205,I
2022-10-20,22.3173,0.0132903585213481,0,22.3173,21.88537545593557,E
2022-10-21,22.086,0.006919995143863,0,22.086,21.979682169248182,O
2022-10-23,18.1044,0.0118386795696811,0,22.10919067994095,22.16963753229464,I
2022-10-25,10.2492,0.901512596320992,0,20.9763,22.359095152793156,E
2022-10-28,22.7187,0.003041074249605,0,22.7187,22.64182780659007,O
2022-10-29,23.5359,0.0999793502202643,0,23.5359,22.736284382892396,E
2022-10-30,14.1588,0.8517429532668005,0,21.5154,22.83120016548615,E
2022-11-02,23.2596,0.2222924377839968,0,23.259599999999995,23.11605358411329,E
2022-11-05,18.4221,0.485574264890676,0,21.546,23.407410977954626,E
2022-11-06,24.0372,0.067783595113438,0,24.0372,23.506984066097065,E
2022-11-07,12.3408,0.1552488910793494,0,23.788385664862552,23.608470152500065,I
2022-11-09,18.6606,0.7900630803033525,0,23.229,23.812713019296922,E
2022-11-12,23.8725,0.0027820594759201,0,23.8725,24.14059118098476,O
2022-11-13,15.6645,0.8101652396793368,0,24.40043975552747,24.260574658365236,I
2022-11-14,24.2685,0.1319813294704651,0,24.2685,24.377217487484497,E
2022-11-17,24.6636,0.0108644648980328,0,24.6636,24.730827379359635,E
2022-11-19,13.5243,0.8785520318106876,0,24.5736,24.997211791227055,E
2022-11-21,24.7167,0.185847266690383,0,24.7167,25.298507604443515,E
2022-11-22,17.1036,0.5952203454812669,0,26.9226,25.445676388915356,E
2022-11-24,14.0049,0.8593050695744162,0,25.747958641077513,25.735276880385257,I
2022-11-27,25.8075,0.0045131053636521,0,25.8075,26.210618916851054,O
2022-11-29,26.1828,0.1053020051666871,0,26.1828,26.559771532640223,E
2022-11-30,23.5629,0.5648828319760678,0,26.1486,26.734450418911667,E
2022-12-02,27.4563,0.0039181114702713,0,27.4563,27.079728357472067,O
2022-12-04,7.1892,0.9447166625141876,0,27.48386438942907,27.460137035722447,I
2022-12-07,31.9824,0.3125036274642573,0,28.108254728894295,28.07193052596883,I
2022-12-08,28.1934,0.1034087981911331,0,28.1934,28.286356507958903,E
2022-12-09,5.5818,0.9583067232257502,0,28.529468046485523,28.50072484342689,I
2022-12-12,27.9882,0.010027695540063,0,27.988199999999996,29.14159940007441,E
2022-12-15,29.2014,0.133965034031763,0,29.201399999999996,29.781194000049492,E
2022-12-16,29.9718,0.141701030927835,0,29.9718,29.994628068320992,E
2022-12-17,31.0302,0.1273601619843078,0,31.030199999999997,30.208326053005965,E
2022-12-19,13.6971,0.8746375617792421,0,30.68189039723343,30.636714411566544,I
2022-12-22,31.8159,0.0076076581887597,0,31.8159,31.281830221331706,O
2022-12-23,2.889,0.9777854671280276,0,31.55723858752241,31.49750746807394,I
2022-12-24,30.8079,0.1457413091762122,0,30.8079,31.713450329988923,E
2022-12-27,33.0408,0.2453233564938536,0,33.233850000000004,32.362613062804066,E
2022-12-29,27.6201,0.7742692381246599,0,32.443946123706596,32.796435460581264,I
