date,raw_area,enh1_area,enh2_area,cloud_cover,ice_cover,datetime
2016125,16.5384,16.5384,16.5384,0.006810074586531187,0.0,2016-05-04
2016102,14.6844,14.6844,14.6844,0.008688255665593293,0.0,2016-04-11
2016269,3.4749,6.4197,10.4355,0.5132375189107413,0.0,2016-09-25
2016246,10.7361,10.7361,10.7361,0.008478098246197325,0.0,2016-09-02
2016214,11.4651,11.4651,11.4651,0.005076538581693221,0.0,2016-08-01
2016045,10.7145,10.7145,10.7145,0.02721032848504658,0.0,2016-02-14
2016198,13.3209,13.3209,13.3209,0.0027624309392265197,0.0,2016-07-16
2016086,13.3128,13.3128,13.3128,0.011097740339617596,0.0,2016-03-26
2016150,17.5644,17.5644,17.5644,0.007122507122507123,0.0,2016-05-29
2016141,17.6958,17.6958,17.6958,0.006718868401111392,0.0,2016-05-20
2016077,10.8756,10.8756,10.8756,0.009345794392523364,0.0,2016-03-17
2016068,7.6059,9.0405,11.358,0.7122378098610733,0.0,2016-03-08
2016182,0.5823,24.039,20.9196,0.9832682510538158,0.0,2016-06-30
2016054,10.4103,10.4103,10.4103,0.13955218329241986,0.0,2016-02-23
2016173,15.9201,15.9201,15.9201,0.005789118705035972,0.0,2016-06-21
2016301,8.1171,8.1171,8.1171,0.011616438356164382,0.0,2016-10-27
2016070,10.8261,10.8261,10.8261,0.014258788822420716,0.0,2016-03-10
2016221,11.0493,11.0493,11.0493,0.005508302956662616,0.0,2016-08-08
2016166,15.4359,15.4359,15.4359,0.004931538640055698,0.0,2016-06-14
2016298,1.8585,1.8585,1.8585,0.044423877834335955,0.7688346580096271,2016-10-24
2016237,9.7353,9.7353,9.7353,0.00441785549930971,0.0,2016-08-24
2016138,9.4617,12.1113,14.2056,0.5407766566199275,0.0,2016-05-17
2016365,0.0,0.0,0.0,1.0,0.0,2016-12-30
2016278,5.2389,5.2389,5.2389,0.006485748421232292,0.0,2016-10-04
2016118,16.8732,16.8732,16.8732,0.01128572935344373,0.0,2016-04-27
2016258,5.8635,8.1972,11.5407,0.5096711070971626,0.0,2016-09-14
2016013,10.0404,10.0404,10.0404,0.02618715083798883,0.0,2016-01-13
2016093,13.3911,13.3911,13.3911,0.009651224707135251,0.0,2016-04-02
2016038,10.6722,10.6722,10.6722,0.009687656589276767,0.0,2016-02-07
2016134,16.6734,16.6734,16.6734,0.006009228457989055,0.0,2016-05-13
2016262,7.4331,7.4331,7.4331,0.0070930512142341915,0.0,2016-09-18
2016342,8.7444,8.7444,8.7444,0.13024796347685974,0.0,2016-12-07
2016109,16.5384,16.5384,16.5384,0.011777359505243347,0.0,2016-04-18
2016029,10.5732,10.5732,10.5732,0.03396102294219225,0.0,2016-01-29
2016294,7.7859,7.7859,7.7859,0.020826259196378042,0.0,2016-10-20
2016349,8.433,8.4897,10.1394,0.5699664968562118,0.0,2016-12-14
2016238,9.4806,9.4806,9.4806,0.003122929876029147,0.0,2016-08-25
2016158,15.957,15.957,15.957,0.007612224336728982,0.0,2016-06-06
2016253,9.5868,9.5868,9.5868,0.006991703178894379,0.0,2016-09-09
2016317,3.1293,8.0478,10.6956,0.7649881716796214,0.0,2016-11-12
2016098,11.664,11.7711,13.8609,0.448932732375202,0.0,2016-04-07
2016338,0.0081,6.894,12.4677,0.9994952893674294,0.0,2016-12-03
2016157,17.1,17.1,17.1,0.006328120914178129,0.0,2016-06-05
2016006,0.1062,8.8713,8.5689,0.9963200898147571,0.0,2016-01-06
2016022,10.2312,10.2312,10.2312,0.03497453310696095,0.0,2016-01-22
2016333,3.7233,7.4574,10.6101,0.8749471011426153,0.0,2016-11-28
2016205,11.349,11.349,11.349,0.002610139998418097,0.0,2016-07-23
2016318,8.5185,8.5185,8.5185,0.004941126997476872,0.0,2016-11-13
2016358,9.2772,9.2772,9.2772,0.01311632359980852,0.0,2016-12-23
2016328,8.4825,8.4825,8.4825,0.005277044854881266,0.0,2016-11-23
2016061,10.998,10.998,10.998,0.01926163723916533,0.0,2016-03-01
2016230,10.9125,10.9125,10.9125,0.005169018706924844,0.0,2016-08-17
2016189,15.8958,15.8958,15.8958,0.018668740971219025,0.0,2016-07-07
2016326,0.0,0.0,0.0,1.0,0.0,2016-11-21
2016285,5.2101,5.2101,5.2101,0.01731454761500594,0.0,2016-10-11
2016178,15.8976,15.8976,15.8976,0.06440677966101695,0.0,2016-06-26
2017223,0.0,0.0,0.0,1.0,0.0,2017-08-11
2017159,17.8101,17.8101,17.8101,0.007672249523618494,0.0,2017-06-08
2017292,11.8341,11.8341,11.8341,0.010237109522017313,0.0,2017-10-19
2017175,17.4618,17.4618,17.4618,0.006655744419414295,0.0,2017-06-24
2017168,13.3983,13.3983,13.3983,0.0044804065801792164,0.0,2017-06-17
2017344,12.6702,12.726,14.3874,0.27477848753348444,0.0,2017-12-10
2017031,9.9954,9.9954,9.9954,0.06191401300785539,0.0,2017-01-31
2017088,18.1557,18.315,18.5652,0.30579166523280227,0.0,2017-03-29
2017008,9.2016,9.2016,9.2016,0.05228031145717465,0.0,2017-01-08
2017217,18.0648,18.0648,18.0648,0.007221287961222672,0.0,2017-08-05
2017192,18.4464,18.4464,18.4464,0.005965371744507493,0.0,2017-07-11
2017232,0.2952,15.7572,18.0333,0.991511387163561,0.0,2017-08-20
2017197,5.6736,10.4616,10.9728,0.6630858853081075,0.0,2017-07-16
2017264,10.9188,12.8808,14.1453,0.23486377396569125,0.0,2017-09-21
2017079,10.9485,12.3588,13.7331,0.4964609462312183,0.0,2017-03-20
2017257,14.1408,14.1408,14.1408,0.009081735620585266,0.0,2017-09-14
2017252,11.4291,11.5074,15.9183,0.5849864374652767,0.0,2017-09-09
2017239,16.3116,16.3116,16.3116,0.008371176888986158,0.0,2017-08-27
2017360,12.3678,12.4398,13.7898,0.1363750628456511,0.0,2017-12-26
2017277,3.6711,8.3691,11.4597,0.8553956324446965,0.004393458628264584,2017-10-04
2017328,12.2526,12.2526,12.2526,0.04288526434195726,0.0,2017-11-24
2017297,12.5343,12.5343,12.5343,0.00847216289335042,0.0,2017-10-24
2017237,17.6697,17.6697,17.6697,0.0095348602562809,0.0,2017-08-25
2017132,18.5733,18.5733,18.5733,0.006929406669553919,0.0,2017-05-12
2017182,17.5455,17.5455,17.5455,0.0057629538963688285,0.0,2017-07-01
2017287,11.9565,11.9565,11.9565,0.008137972226370017,0.0,2017-10-14
2017032,10.0962,10.0962,10.0962,0.007168775997875919,0.0,2017-02-01
2017042,10.1952,10.1952,10.1952,0.006664328305857594,0.0,2017-02-11
2017095,19.1106,19.1106,19.1106,0.024396967608545827,0.0,2017-04-05
2017312,13.5522,13.5522,13.5522,0.11900304235899836,0.002781456953642384,2017-11-08
2017296,12.1572,12.1572,12.1572,0.011344507062870528,0.0,2017-10-23
2017322,12.3624,12.3624,12.3624,0.007012217161859322,0.0,2017-11-18
2017184,16.8984,16.8984,16.8984,0.00650828086142124,0.0,2017-07-03
2017200,12.8034,16.5861,16.0245,0.393140517020732,0.0,2017-07-19
2017072,13.6791,13.6791,13.6791,0.00802767262759431,0.0,2017-03-13
2017335,0.0,0.0,0.0,1.0,0.0,2017-12-01
2017303,12.366,12.366,12.366,0.018431204457779682,0.0,2017-10-30
2017152,17.3727,17.3727,17.3727,0.018358421480878767,0.0,2017-06-01
2017207,17.8191,17.8191,17.8191,0.007320130358485836,0.0,2017-07-26
2017191,17.2098,17.2098,17.2098,0.006958869962609056,0.0,2017-07-10
2017332,12.4416,12.4416,12.4416,0.007110536522301228,0.0,2017-11-28
2017002,0.0576,14.6961,16.6518,0.9981983503645525,0.0,2017-01-02
2017136,6.6258,14.6124,14.4369,0.7295371050698016,0.0,2017-05-16
2017092,19.1754,19.1754,19.1754,0.012513904338153505,0.0,2017-04-02
2017111,17.5023,17.5023,17.5023,0.008716484860842083,0.0,2017-04-21
2017272,8.6274,13.527,15.7761,0.5671648530274981,0.0,2017-09-29
2017024,9.7785,9.7785,9.7785,0.05620222376650452,0.0,2017-01-24
2017352,12.7215,14.5197,22.8186,0.187456886640607,0.0,2017-12-18
2017056,10.7712,10.7712,10.7712,0.04355470310876688,0.0,2017-02-25
2017120,17.9127,17.9127,17.9127,0.025604621560755898,0.0,2017-04-30
2017104,18.072,18.072,18.072,0.013704012967238076,0.0,2017-04-14
2017271,0.0,0.0,0.0,1.0,0.0,2017-09-28
2017012,7.5663,8.8227,10.8972,0.2542357846181141,0.22977553825011454,2017-01-12
2017063,10.6209,10.6209,10.6209,0.1350776898270302,0.0,2017-03-04
2017112,18.0441,18.0441,18.0441,0.0070328364122628885,0.0,2017-04-22
2017216,13.5459,13.9104,20.5524,0.45119416590701916,0.0,2017-08-04
2017347,12.69,12.69,12.69,0.008926688690518029,0.0,2017-12-13
2017052,10.5687,10.5687,10.5687,0.006598426529058455,0.0,2017-02-21
2017351,0.0,0.0,0.0,1.0,1.0,2017-12-17
2017143,17.2404,17.2404,17.2404,0.007101021095734204,0.0,2017-05-23
2017212,6.0093,15.4629,16.7004,0.5337290502793296,0.0,2017-07-31
2017255,13.7745,13.7745,13.7745,0.005716884298057559,0.0,2017-09-12
2017319,12.2742,12.4164,13.6755,0.29668402867309573,0.0,2017-11-15
2017327,12.5325,12.5325,12.5325,0.007908235964662298,0.0,2017-11-23
2017172,16.7085,16.7085,16.7085,0.008650611416671117,0.0,2017-06-21
2017047,10.5642,10.5642,10.5642,0.055823680823680825,0.0,2017-02-16
2017317,12.5937,12.5937,12.5937,0.008573048037409664,0.0001429081814933905,2017-11-13
2017040,9.9864,9.9864,9.9864,0.11182262066757384,0.0,2017-02-09
2017127,18.2979,18.2979,18.2979,0.010560638504963988,0.0,2017-05-07
2017248,15.6762,15.6762,15.6762,0.023216689098250337,0.0,2017-09-05
2017280,12.5919,12.5919,12.5919,0.009837225760792639,0.0,2017-10-07
2018182,12.3435,12.3435,12.3435,0.004500254046599405,0.0,2018-07-01
2018027,12.9177,12.9177,12.9177,0.010751947067337515,0.0,2018-01-27
2018139,13.7025,13.7025,13.7025,0.0033385703063629223,0.0,2018-05-19
2018075,17.7966,17.7966,17.7966,0.032725138189111186,0.0,2018-03-16
2018059,4.6269,8.6508,11.3229,0.8156951315695131,0.0,2018-02-28
2018302,5.3469,5.3469,5.3469,0.0353953563890242,0.44781113486383495,2018-10-29
2018114,12.087,12.087,12.087,0.11094929167218323,0.0,2018-04-24
2018087,16.9632,16.9632,16.9632,0.010551734999212557,0.0,2018-03-28
2018107,6.2982,6.2982,6.2982,0.06092324208266238,0.0,2018-04-17
2018338,9.6993,9.6993,9.6993,0.06886124071194057,0.0,2018-12-04
2018203,10.3014,10.3014,10.3014,0.003048514937723195,0.0,2018-07-22
2018363,0.4995,9.1053,11.5245,0.9821795530439249,0.0,2018-12-29
2018147,2.3931,10.7892,14.1678,0.4376057529610829,0.0007515971439308531,2018-05-27
2018171,12.6522,12.6522,12.6522,0.002978723404255319,0.0,2018-06-20
2018357,9.8226,9.8226,9.8226,0.024054368237503353,0.002102953277864131,2018-12-23
2018062,15.1479,15.1479,15.1479,0.015846099871360077,0.0,2018-03-03
2018331,9.5328,9.5328,9.5328,0.07638646668991979,0.0,2018-11-27
2018219,12.465,12.465,12.465,0.004098655353419142,0.0,2018-08-07
2018098,16.9218,16.9218,16.9218,0.009378292939936776,0.0,2018-04-08
2018007,12.8259,12.8259,12.8259,0.00986590703814354,0.0,2018-01-07
2018297,10.179,10.179,10.179,0.01222707423580786,0.0,2018-10-24
2018267,10.5948,10.5948,10.5948,0.008673684210526316,0.0,2018-09-24
2018352,9.7425,9.7425,9.7425,0.07526055014522468,0.07105466403501244,2018-12-18
2018097,14.625,14.625,14.625,0.013776779753595923,0.16833000665335995,2018-04-07
2018212,10.3446,10.3446,10.3446,0.02036989687207023,0.0,2018-07-31
2018127,8.0262,13.8879,15.9912,0.5901089304591626,0.0019026301063234472,2018-05-07
2018247,11.0817,11.0817,11.0817,0.006775832862789385,0.0,2018-09-04
2018327,1.2312,1.2312,1.2312,0.16381418092909533,0.8757267441860466,2018-11-23
2018092,17.0586,17.0586,17.0586,0.011989157631359467,0.0,2018-04-02
2018235,10.9377,10.9377,10.9377,0.023149264528574874,0.0,2018-08-23
2018307,9.7227,9.7227,9.7227,0.008535242290748899,0.0,2018-11-03
2018251,11.2284,11.2284,11.2284,0.009054805401111992,0.0,2018-09-08
2018050,1.476,6.3909,8.2368,0.9347627192807988,0.0,2018-02-19
2018322,7.1739,9.3411,10.7838,0.6247528481310611,0.0,2018-11-18
2018032,11.592,11.592,11.592,0.020457829492737088,0.11532385466034754,2018-02-01
2018077,17.6427,17.6427,17.6427,0.014330249396621078,0.0,2018-03-18
2018157,12.9276,12.9276,12.9276,0.006776379477250726,0.0,2018-06-06
2018034,12.8511,12.8511,12.8511,0.030946725483542586,0.0,2018-02-03
2018226,11.5587,11.5587,11.5587,0.004804339403332043,0.0,2018-08-14
2018194,6.4692,10.9989,13.5972,0.6746186229686297,0.0,2018-07-13
2018002,7.8201,7.8201,7.8201,0.027205553067622033,0.4101954928047787,2018-01-02
2018262,12.285,12.285,12.285,0.04937669754161153,0.0,2018-09-19
2018258,10.9224,10.9224,10.9224,0.007686017988552739,0.0,2018-09-15
2018042,12.9924,12.9924,12.9924,0.012923076923076924,0.0,2018-02-11
2018037,12.8835,12.8835,12.8835,0.008793795873147764,0.0,2018-02-06
2018052,6.8499,10.9098,14.6853,0.5728716538526292,0.0,2018-02-21
2018227,11.6064,11.6064,11.6064,0.003939136479493319,0.0,2018-08-15
2018112,0.0,0.0,0.0,1.0,0.0,2018-04-22
2018043,13.0509,13.0509,13.0509,0.03532464076636509,0.0,2018-02-12
2018252,11.0196,11.0196,11.0196,0.008582995951417004,0.0,2018-09-09
2018057,13.9122,13.9122,13.9122,0.01635380209990455,0.0,2018-02-26
2018172,13.4649,13.4649,13.4649,0.00233395572152574,0.0,2018-06-21
2018272,9.7353,9.7353,9.7353,0.00870601173020528,0.0,2018-09-29
2018207,4.1094,9.2799,13.1724,0.5997545582047686,0.0,2018-07-26
2018202,13.3695,13.3695,13.3695,0.003688799463447351,0.0,2018-07-21
2018072,14.0085,14.6313,17.7759,0.19464997154240182,0.0,2018-03-13
2018197,13.3191,13.3191,13.3191,0.0660734570238546,0.0,2018-07-16
2018142,1.6047,1.6047,1.6047,0.014917127071823204,0.0,2018-05-22
2018342,10.1943,10.1943,10.1943,0.014357814131569786,0.0,2018-12-08
2018242,5.4675,5.4675,5.4675,0.011069510011395082,0.41535944567414107,2018-08-30
2018137,2.0061,2.0061,2.0061,0.029603831084022637,0.0,2018-05-17
2018152,11.1879,11.1879,11.1879,0.002647625160462131,0.0,2018-06-01
2018167,5.0967,8.5248,12.8502,0.6690046174528026,0.0,2018-06-16
2018022,9.3564,10.4436,13.7349,0.47007849933734325,0.2915360501567398,2018-01-22
2018283,9.6147,9.6147,9.6147,0.010375173691523855,0.0,2018-10-10
2018067,13.8933,14.0211,16.7733,0.12219947685659045,0.012095225905542045,2018-03-08
2018274,1.1007,5.9481,9.2709,0.9510604241696679,0.0,2018-10-01
2018292,0.6138,5.8347,9.3663,0.9818269025794074,0.0,2018-10-19
2018192,10.953,10.953,10.953,0.0031943648128429846,0.0,2018-07-11
2018122,7.9362,10.6839,13.7916,0.26424697538589903,0.0,2018-05-02
2018282,9.6336,9.6336,9.6336,0.053915502916740334,0.0,2018-10-09
2018315,9.6282,9.6282,9.6282,0.06502359727320399,0.0,2018-11-11
2018354,9.8217,9.8217,9.8217,0.06798189426936545,0.0,2018-12-20
2018347,9.9072,9.9072,9.9072,0.010338937337049357,0.0,2018-12-13
2018102,13.9752,13.9752,13.9752,0.020747934666078074,0.0,2018-04-12
2018117,4.9293,13.3245,15.7743,0.7151401674728247,0.0,2018-04-27
2018237,8.712,8.712,8.712,0.028405098865803474,0.0,2018-08-25
2018130,14.9274,14.9274,14.9274,0.0039036694492823256,0.0,2018-05-10
2018277,8.6031,8.6031,8.6031,0.006857142857142858,0.0,2018-10-04
2018299,9.8037,9.8037,9.8037,0.03130280124499778,0.0,2018-10-26
2018317,9.7218,9.7218,9.7218,0.007169117647058823,0.0,2018-11-13
2018337,9.7425,9.7425,9.7425,0.007609094242757609,0.0,2018-12-03
2018257,11.3373,11.3373,11.3373,0.008032128514056226,0.0,2018-09-14
2018012,12.9015,12.9015,12.9015,0.010013812154696133,0.0,2018-01-12
2018177,12.9231,12.9231,12.9231,0.008287865184059672,0.0,2018-06-26
2018312,9.8181,9.8181,9.8181,0.010162417203520553,0.0,2018-11-08
2018146,0.0063,6.2928,14.8113,0.9998291682936352,0.0,2018-05-26
2018162,10.5669,10.5669,10.5669,0.055430410297666925,0.0,2018-06-11
2018187,6.5214,9.8982,12.4362,0.7950386105846745,0.0013781697905181918,2018-07-06
2018306,9.5076,9.5076,9.5076,0.06189503596483438,0.0,2018-11-02
2018178,11.6703,11.6703,11.6703,0.0017705927636643573,0.0,2018-06-27
2018011,12.6369,12.6369,12.6369,0.032522565975332464,0.0,2018-01-11
2018155,12.9474,12.9474,12.9474,0.003325481502009145,0.0,2018-06-04
2018082,11.1015,15.6816,18.6246,0.4266790611201487,0.0,2018-03-23
2018232,11.142,11.142,11.142,0.004903142834177317,0.0,2018-08-20
2018210,12.8025,12.8025,12.8025,0.004548635409377187,0.0,2018-07-29
2018217,13.2183,13.2183,13.2183,0.003528054820544135,0.0,2018-08-05
2018123,14.6475,14.6475,14.6475,0.007379848743595999,0.0,2018-05-03
2018018,12.4479,12.4479,12.4479,0.03212036389083275,0.0,2018-01-18
2018290,0.0,0.0,0.0,1.0,0.0,2018-10-17
2018222,0.135,14.5818,23.6079,0.9943143052080964,0.0,2018-08-10
2018332,1.4175,1.4175,1.4175,0.09586681974741675,0.8558220432076162,2018-11-28
2018287,7.3053,12.2283,13.5333,0.6271988242318468,0.0001231830500123183,2018-10-14
2018066,15.4638,15.5619,17.1009,0.21796914114059443,0.0,2018-03-07
2019027,10.2744,10.2744,10.2744,0.06525833128633424,0.0,2019-01-27
2019222,12.6036,12.6036,12.6036,0.028309741881765195,0.02587646076794658,2019-08-10
2019207,14.2533,14.2533,14.2533,0.003586258965647414,0.0,2019-07-26
2019110,6.6672,10.3878,12.7566,0.5943711328916388,0.0,2019-04-20
2019202,11.943,11.943,11.943,0.002630590003757986,0.0,2019-07-21
2019069,7.7211,8.3691,10.3293,0.6940769532503656,0.0,2019-03-10
2019133,12.5136,12.5136,12.5136,0.00408280209154072,0.0,2019-05-13
2019142,9.477,9.477,9.477,0.0018011185894397574,0.0,2019-05-22
2019152,13.3101,14.3775,15.8301,0.1778407827440516,0.0,2019-06-01
2019270,11.8791,11.8791,11.8791,0.008339594290007513,0.0,2019-09-27
2019046,0.0009,35.19,5.6484,0.9999755865335318,0.0,2019-02-15
2019277,0.2736,10.5705,23.6106,0.9922163047931175,0.0065359477124183,2019-10-04
2019052,10.08,10.08,10.08,0.009813455927857838,0.0,2019-02-21
2019005,5.9679,9.4572,10.9647,0.8215218151966194,0.0,2019-01-05
2019347,12.3228,12.3228,12.3228,0.012904621152043832,0.0,2019-12-13
2019002,3.1257,6.1092,9.6228,0.8850076153897092,0.006578947368421052,2019-01-02
2019350,6.4863,10.0143,12.2724,0.8179774713340405,0.0,2019-12-16
2019014,9.9135,9.9135,9.9135,0.057822256436575147,0.0,2019-01-14
2019282,11.7387,11.7387,11.7387,0.005641533887321797,0.0,2019-10-09
2019212,13.9995,13.9995,13.9995,0.0038424591738712775,0.0,2019-07-31
2019078,10.2222,10.2222,10.2222,0.017304031839418584,0.0,2019-03-19
2019187,0.9432,5.958,9.738,0.9642357437805003,0.0,2019-07-06
2019181,14.4702,14.4702,14.4702,0.0037796641675444573,0.0,2019-06-30
2019227,13.4784,13.4784,13.4784,0.005247426104284291,0.0,2019-08-15
2019047,9.711,9.711,9.711,0.06418039895923677,0.012266569022336141,2019-02-16
2019007,10.1151,10.1151,10.1151,0.011956043956043955,0.0,2019-01-07
2019085,10.5561,10.5561,10.5561,0.03994433985430138,0.0,2019-03-26
2019334,11.5074,11.5074,11.5074,0.10998190171237643,0.0,2019-11-30
2019082,10.134,10.3716,11.5479,0.17478930010993038,0.0,2019-03-23
2019107,4.6305,6.8571,10.3059,0.6359326351542599,0.009433962264150943,2019-04-17
2019247,9.5508,12.7053,13.0104,0.6066570295414951,0.0003767897513187641,2019-09-04
2019177,7.7373,9.7749,12.7386,0.2862598588625986,0.0,2019-06-26
2019287,11.0322,11.0322,11.0322,0.007449392712550607,0.0,2019-10-14
2019252,13.9032,13.9032,13.9032,0.006559485530546624,0.0,2019-09-09
2019309,10.5381,10.5381,10.5381,0.03111294993793959,0.0,2019-11-05
2019312,2.4048,2.4048,2.4048,0.05113636363636364,0.783696268113009,2019-11-08
2019122,10.485,10.485,10.485,0.006481323554494286,0.0,2019-05-02
2019077,10.4292,10.4292,10.4292,0.006941468849087326,0.0,2019-03-18
2019147,10.0665,10.0665,10.0665,0.0036522358809905585,0.0,2019-05-27
2019094,6.4683,7.0299,11.8674,0.7514782668833639,0.0,2019-04-04
2019245,14.0256,14.0256,14.0256,0.006312567748517502,0.0,2019-09-02
2019262,12.6549,12.6549,12.6549,0.007902349537853666,0.0,2019-09-19
2019292,10.755,10.755,10.755,0.005409904286308781,0.0,2019-10-19
2019307,11.0673,11.0673,11.0673,0.05943093162000918,0.0,2019-11-03
2019254,11.5083,12.8475,14.1948,0.1928418129024113,0.0,2019-09-11
2019022,8.0478,9.1935,11.4687,0.46028488652824723,0.009086879432624113,2019-01-22
2019092,2.754,8.6724,12.0204,0.5376945157878833,0.004878048780487805,2019-04-02
2019206,13.9401,13.9401,13.9401,0.004243008678881389,0.0,2019-07-25
2019037,11.2599,13.0941,14.5098,0.2539654144305307,0.002948677080012751,2019-02-06
2019030,0.2142,9.6156,10.4463,0.9922450309547083,0.0,2019-01-30
2019192,14.5026,14.5026,14.5026,0.0032782829220016083,0.0,2019-07-11
2019352,12.0924,12.0924,12.0924,0.02226750109154417,0.0,2019-12-18
2019327,10.9467,10.9467,10.9467,0.009043506599315626,0.0,2019-11-23
2019112,0.0,0.0,0.0,1.0,0.0,2019-04-22
2019067,6.6114,7.6293,12.1419,0.3840865263687432,0.0,2019-03-08
2019242,14.5278,14.5278,14.5278,0.005850834513764859,0.0,2019-08-30
2019317,10.6479,10.6479,10.6479,0.007133266196710306,0.0,2019-11-13
2019337,11.6919,11.6919,11.6919,0.11661906704746362,7.69704433497537e-05,2019-12-03
2019126,7.9569,8.2872,10.3428,0.7627150487130627,0.0,2019-05-06
2019127,6.7293,6.7293,6.7293,0.005188930282064928,0.0,2019-05-07
2019172,8.4744,8.4744,8.4744,0.01670843776106934,0.0,2019-06-21
2019302,8.9298,8.9298,8.9298,0.006607929515418502,0.0,2019-10-29
2019237,14.5998,14.5998,14.5998,0.005883073906115946,0.0,2019-08-25
2019341,11.619,11.6838,13.5954,0.6221168481442454,0.0,2019-12-07
2019357,9.9522,11.6694,13.1139,0.4758744904730306,0.1443825441039926,2019-12-23
2019072,6.057,8.721,11.0142,0.26423964141248496,0.00014856633486851878,2019-03-13
2019087,10.7955,10.7955,10.7955,0.006707519046041736,0.0,2019-03-28
2019232,5.2047,12.6414,14.7474,0.6115924508026059,0.0,2019-08-20
2019318,10.5093,10.5093,10.5093,0.05418759112263081,0.0,2019-11-14
2019174,14.9067,14.9067,14.9067,0.005045954225986664,0.0,2019-06-23
2019132,11.2185,11.2185,11.2185,0.0027202176174093927,0.0,2019-05-12
2019197,13.3227,13.8186,15.2082,0.4273943988859663,0.0,2019-07-16
2019097,9.8163,9.8163,9.8163,0.002742982536344519,0.0,2019-04-07
2019362,6.4035,14.5899,22.3587,0.6672590375531965,0.002942825112107623,2019-12-28
2019190,13.536,13.536,13.536,0.0035115616510965346,0.0,2019-07-09
2019149,14.5881,14.5881,14.5881,0.011344922232387922,0.0,2019-05-29
2019167,15.6051,15.6051,15.6051,0.005677256566119968,0.0,2019-06-16
2019017,10.1979,10.1979,10.1979,0.012290794979079499,0.0,2019-01-17
2019117,7.5861,7.5861,7.5861,0.13237261966031907,0.0034287065500118235,2019-04-27
2019229,9.8847,10.3734,15.0264,0.34047919293820933,0.0,2019-08-17
2019261,3.6738,7.1181,13.2498,0.8487644029491311,0.0,2019-09-18
2019322,10.7046,10.7046,10.7046,0.006764091858037579,0.0,2019-11-18
2019032,10.3257,10.3257,10.3257,0.010948275862068965,0.0,2019-02-01
2019021,8.0298,8.0298,8.0298,0.1326917468649752,0.0,2019-01-21
2019213,14.4,14.4,14.4,0.0057171265224956495,0.0,2019-08-01
2019297,4.9356,4.9356,4.9356,0.23790994997220677,0.001092896174863388,2019-10-24
2019157,15.2973,15.2973,15.2973,0.04591636261577322,0.00011765397964586152,2019-06-06
2019217,14.4639,14.4639,14.4639,0.0042133961211970996,0.0,2019-08-05
2019137,9.3492,9.3492,9.3492,0.002113352545629203,0.0,2019-05-17
2019165,15.3288,15.3288,15.3288,0.0054306569343065695,0.0,2019-06-14
2019101,11.0565,11.0565,11.0565,0.08307210031347963,0.0,2019-04-11
2019042,10.1988,10.1988,10.1988,0.014265831593597773,0.0,2019-02-11
2019012,6.5997,6.5997,6.5997,0.017155877228253586,0.3496230598669623,2019-01-12
2019293,10.6614,10.6614,10.6614,0.010193850267379678,0.0,2019-10-20
2019053,0.0594,15.5745,11.2725,0.9983892224337385,0.0958904109589041,2019-02-22
2019158,14.0913,14.0913,14.0913,0.0031832940727064365,0.0,2019-06-07
2019162,7.938,7.938,7.938,0.003615002259376412,0.0,2019-06-11
2019272,3.4524,3.4524,3.4524,0.022426095820591234,0.0,2019-09-29
2019238,12.843,12.843,12.843,0.0038394415357766143,0.0,2019-08-26
2019057,10.2825,10.2825,10.2825,0.007729720340455098,0.0,2019-02-26
2019062,10.1358,10.1358,10.1358,0.007490966775359127,0.005035780545984628,2019-03-03
2019286,10.7397,10.7397,10.7397,0.010120282040647036,0.0,2019-10-13
2020082,19.7514,19.7514,19.7514,0.02842217106428192,0.0,2020-03-22
2020092,15.3891,15.8022,15.9102,0.33965397389356605,0.0001754180797567536,2020-04-01
2020012,12.3129,12.3129,12.3129,0.01277240583056718,0.0,2020-01-12
2020322,10.4436,10.4436,10.4436,0.007356715141146278,0.0,2020-11-17
2020057,12.8358,12.8358,12.8358,0.013010380622837369,0.0,2020-02-26
2020273,10.6902,10.6902,10.6902,0.0066070084469348495,0.0,2020-09-29
2020344,10.359,10.359,10.359,0.08911047799936689,0.0,2020-12-09
2020037,12.4155,12.4155,12.4155,0.01089840108984011,0.0,2020-02-06
2020157,17.1801,17.1801,17.1801,0.02017246689251617,0.0,2020-06-05
2020247,11.7612,11.7612,11.7612,0.00525234071705869,0.0,2020-09-03
2020222,5.8203,7.3251,11.6145,0.8034764639742304,0.0,2020-08-09
2020232,15.0723,15.0723,15.0723,0.005286291280589214,0.0,2020-08-19
2020040,12.2742,12.2742,12.2742,0.03713640214628636,0.0,2020-02-09
2020248,11.6451,11.6451,11.6451,0.005227954178519259,0.0,2020-09-04
2020027,4.7979,8.6733,13.6134,0.6847800378429517,0.0,2020-01-27
2020172,16.7472,16.7472,16.7472,0.014824227022448117,0.0,2020-06-20
2020305,10.3257,10.3986,11.7432,0.21476969406611457,0.0,2020-10-31
2020129,17.6238,17.6238,17.6238,0.009960058648061076,0.0,2020-05-08
2020112,18.2655,18.2655,18.2655,0.008016032064128258,0.0,2020-04-21
2020280,10.6299,10.6299,10.6299,0.006226335717290704,0.0,2020-10-06
2020137,13.0653,13.0653,13.0653,0.0075881870385561935,0.0,2020-05-16
2020252,0.6471,10.7253,12.9636,0.9782654696049092,0.37478260869565216,2020-09-08
2020062,12.5217,12.7503,13.9851,0.16838015540944412,0.00028741826543076814,2020-03-02
2020327,10.2528,10.2528,10.2528,0.01076762764848906,0.020211576502967232,2020-11-22
2020033,0.9243,8.8596,14.526,0.9732049676476726,0.0,2020-02-02
2020212,16.9047,16.9047,16.9047,0.005874880914576056,0.0,2020-07-30
2020113,17.8569,17.8569,17.8569,0.012394225983076157,0.0,2020-04-22
2020267,11.2383,11.2383,11.2383,0.006365878889154133,0.0,2020-09-23
2020237,13.7016,13.7016,13.7016,0.004446769552707298,0.0,2020-08-24
2020152,18.6084,18.6084,18.6084,0.006486954014703762,0.0,2020-05-31
2020292,10.3059,10.3059,10.3059,0.004434011476264998,0.0,2020-10-18
2020097,17.8218,17.8218,17.8218,0.0909842085934631,0.0,2020-04-06
2020307,4.3461,4.3461,4.3461,0.014891880864953081,0.5804882286508557,2020-11-02
2020347,10.8144,10.8144,10.8144,0.007598282127518996,0.0,2020-12-12
2020087,18.657,18.657,18.657,0.03778314147790568,0.002310135720473578,2020-03-27
2020032,12.4119,12.4119,12.4119,0.011114298006596876,0.0,2020-02-01
2020161,17.6184,17.6184,17.6184,0.007151189329005428,0.0,2020-06-09
2020182,16.8984,16.8984,16.8984,0.00498145204027557,0.0,2020-06-30
2020312,0.0,0.0,0.0,1.0,0.0,2020-11-07
2020257,1.6893,1.6893,1.6893,0.0359527478171546,0.856091390017634,2020-09-13
2020282,10.5183,10.5183,10.5183,0.004938271604938272,0.0,2020-10-08
2020088,19.1052,19.1052,19.1052,0.01699467469321602,0.0,2020-03-28
2020217,16.8903,16.8903,16.8903,0.005669174525802691,0.0,2020-08-04
2020168,17.8416,17.8416,17.8416,0.007609130957148579,0.0,2020-06-16
2020272,10.6038,10.6038,10.6038,0.005570560432140446,0.0,2020-09-28
2020127,18.0072,18.0072,18.0072,0.0057642615782150675,0.0,2020-05-06
2020332,10.4805,10.4805,10.4805,0.011460101867572157,0.0,2020-11-27
2020321,10.1673,10.1673,10.1673,0.07104678891538525,0.0,2020-11-16
2020200,16.398,16.398,16.398,0.05064610254272613,0.0,2020-07-18
2020297,10.3806,10.3806,10.3806,0.005603931373394259,0.0,2020-10-23
2020081,19.035,19.035,19.035,0.01710196114880565,0.0,2020-03-21
2020262,11.6469,11.6469,11.6469,0.007744211010581199,0.0,2020-09-18
2020296,10.3923,10.3923,10.3923,0.009096370033467777,0.0,2020-10-22
2020147,17.5212,17.5212,17.5212,0.006684014490535232,0.0,2020-05-26
2020207,16.6194,16.6734,18.0108,0.10874076934214971,0.0,2020-07-25
2020225,15.0714,15.0714,15.0714,0.00611312244050092,0.0,2020-08-12
2020120,17.5977,17.5977,17.5977,0.008116471364074469,0.0,2020-04-29
2020056,11.0664,11.2248,13.5666,0.24295037556951116,0.0,2020-02-25
2020287,10.3626,10.3626,10.3626,0.004668049792531119,0.0,2020-10-13
2020241,12.2193,12.2193,12.2193,0.004180724658940883,0.0,2020-08-28
2020047,12.6504,12.6504,12.6504,0.0099316757061351,0.0,2020-02-16
2020017,12.4335,12.4335,12.4335,0.010599441380792093,0.0,2020-01-17
2020001,11.6208,11.6208,11.6208,0.023519624896014522,0.0,2020-01-01
2020136,17.6373,17.6373,17.6373,0.008048187892285888,0.0,2020-05-15
2020007,12.2301,12.2301,12.2301,0.01457577955039884,0.0,2020-01-07
2020122,16.1226,16.9596,23.6781,0.127763170707956,0.00011163206072784104,2020-05-01
2020193,13.8357,13.8357,13.8357,0.04574798261949101,0.0,2020-07-11
2020065,14.5836,14.5836,14.5836,0.02001814333232537,0.0,2020-03-05
2020187,16.9758,16.9758,16.9758,0.008567674113009198,0.0,2020-07-05
2020302,10.4526,10.4526,10.4526,0.006841115101761587,0.0,2020-10-28
2020024,12.069,12.069,12.069,0.03622250970245795,0.0,2020-01-24
2020167,14.3136,14.3136,14.3136,0.0108837614279495,0.0007539582809751195,2020-06-15
2020357,1.305,11.223,12.3183,0.9202771057840334,0.02027027027027027,2020-12-22
2020049,12.411,12.411,12.411,0.034178456366437876,0.0,2020-02-18
2020177,14.4189,14.4189,14.4189,0.0246560331182272,0.0,2020-06-25
2020209,16.3431,16.3431,16.3431,0.009112736003492305,0.0,2020-07-27
2020216,16.461,16.461,16.461,0.007488604297807686,0.0,2020-08-03
2020352,10.8108,10.8108,10.8108,0.009809578765147143,0.0,2020-12-17
2020117,18.0738,18.0738,18.0738,0.0066775485977147945,0.0,2020-04-26
2020145,17.7075,17.7075,17.7075,0.007015241748258807,0.0,2020-05-24
2020337,10.5327,10.5327,10.5327,0.011320435921263835,0.0,2020-12-02
2020142,14.6844,14.6844,14.6844,0.0508435136707388,0.0,2020-05-21
2020264,11.574,11.574,11.574,0.009244992295839752,0.0,2020-09-20
2020197,12.3777,12.3777,12.3777,0.05743266397094098,0.0,2020-07-15
2020072,0.0,0.0,0.0,1.0,0.0,2020-03-12
2020342,10.4364,10.4364,10.4364,0.008549931600547196,0.00727677424878007,2020-12-07
2020132,17.4933,17.4933,17.4933,0.011694717038694258,5.14456219775697e-05,2020-05-11
2020360,8.5338,9.8154,11.691,0.688931172495243,0.0,2020-12-25
2020162,9.3915,9.3915,9.3915,0.13888430434065027,0.00019162594615310913,2020-06-10
2020353,10.4769,10.4769,10.4769,0.085761407366685,0.0,2020-12-18
2020362,10.9161,10.9161,10.9161,0.00914957928273834,0.0,2020-12-27
2020277,10.4193,10.4193,10.4193,0.0038719669592152815,0.0,2020-10-03
2020008,10.8378,11.6451,12.3066,0.2578120184899846,0.0,2020-01-08
2020328,0.0036,5.6484,5.6484,0.999901731973959,0.0,2020-11-23
2020227,16.7184,16.7184,16.7184,0.007851305880467873,0.0,2020-08-14
2020184,16.5168,16.5168,16.5168,0.013439415116654122,0.0,2020-07-02
2020289,10.2069,10.2069,10.2069,0.006308595461316044,0.0,2020-10-15
2020192,16.5861,16.5861,16.5861,0.005289577373562908,0.0,2020-07-10
2020202,16.308,16.308,16.308,0.005870412026115104,0.0,2020-07-20
2020104,9.7452,11.8755,23.6286,0.7186582482396653,0.0,2020-04-13
2020002,12.447,12.447,12.447,0.02440744920993228,0.0,2020-01-02
2020317,0.0261,10.4535,14.8131,0.9990393533854511,0.0,2020-11-12
2021347,7.8138,7.8138,7.8138,0.065848934796643,0.0,2021-12-13
2021066,10.9359,10.9359,10.9359,0.006459525756336877,0.0,2021-03-07
2021176,8.7165,10.5327,12.7593,0.4166716858399085,0.00010324179227751394,2021-06-25
2021081,12.3588,13.6485,22.374,0.5461996034368803,0.002107404985102827,2021-03-22
2021136,5.3352,5.3352,5.3352,0.003194888178913738,0.0,2021-05-16
2021346,7.8885,7.8885,7.8885,0.008596312634317387,0.0,2021-12-12
2021151,9.3762,13.1202,15.8895,0.6720805791627321,0.0,2021-05-31
2021316,7.5294,7.5294,7.5294,0.007238637712115818,0.0,2021-11-12
2021261,7.5924,7.5924,7.5924,0.0051886792452830195,0.0,2021-09-18
2021041,10.053,10.2744,11.7405,0.35874619668178426,0.016292382210479964,2021-02-10
2021106,10.0989,10.0989,10.0989,0.0033750777156052935,0.0,2021-04-16
2021363,7.749,7.9776,9.9,0.21777050967566097,0.0,2021-12-29
2021251,2.8512,2.8512,2.8512,0.01061836352279825,0.0,2021-09-08
2021147,11.511,11.511,11.511,0.08935564257742969,0.0,2021-05-27
2021011,8.1702,8.1702,8.1702,0.020077720207253884,0.26760790641387655,2021-01-11
2021234,9.9135,9.9135,9.9135,0.029344377863940785,0.0,2021-08-22
2021256,5.9283,5.9283,5.9283,0.005585748792270532,0.0,2021-09-13
2021171,11.2662,11.2662,11.2662,0.006192442045093681,0.0,2021-06-20
2021163,12.2886,12.2886,12.2886,0.002119418256230359,0.0,2021-06-12
2021074,1.9548,7.0101,9.0639,0.9380278475233965,0.0,2021-03-15
2021231,6.5988,6.5988,6.5988,0.006504065040650407,0.0,2021-08-19
2021021,0.8676,5.7987,9.5265,0.968334264034425,0.0,2021-01-21
2021086,8.5536,9.207,12.6855,0.4316809184954853,0.00010520778537611784,2021-03-27
2021003,10.5057,10.5057,10.5057,0.07555238774055595,0.0,2021-01-03
2021138,0.4572,12.3012,27.0153,0.9787518822151581,0.0,2021-05-18
2021361,6.6546,6.6546,6.6546,0.15881683731513083,0.0,2021-12-27
2021339,7.5915,7.5915,7.5915,0.06898454746136866,0.0,2021-12-05
2021083,4.8906,11.097,12.9456,0.806267603123106,0.0,2021-03-24
2021323,7.5303,7.596,10.2186,0.3473478939157566,0.0,2021-11-19
2021116,7.731,7.731,7.731,0.006017125665355242,0.0,2021-04-26
2021202,8.6958,8.6958,8.6958,0.004943357363542739,0.0,2021-07-21
2021282,6.9993,6.9993,6.9993,0.008035714285714285,0.0,2021-10-09
2021206,8.0487,8.0487,8.0487,0.11174016686531585,0.0,2021-07-25
2021051,11.0376,11.0376,11.0376,0.005836575875486381,0.0,2021-02-20
2021246,0.081,6.3234,9.0747,0.9959388114254772,0.0,2021-09-03
2021227,3.4677,6.0111,10.161,0.8983967090343337,0.0,2021-08-15
2021115,10.4895,10.4895,10.4895,0.003164556962025317,0.0,2021-04-25
2021301,7.5861,7.5861,7.5861,0.00531036110455511,0.0,2021-10-28
2021241,7.479,7.479,7.479,0.10016242555495397,0.0,2021-08-29
2021336,7.893,7.893,7.893,0.010493061040279814,0.006795016987542469,2021-12-02
2021170,11.4399,11.4399,11.4399,0.0017277939213068408,0.0,2021-06-19
2021291,6.6996,6.6996,6.6996,0.0056104728827144,0.0,2021-10-18
2021331,7.7634,7.7634,7.7634,0.00690766751093714,0.0,2021-11-27
2021341,0.0,0.0,0.0,1.0,1.0,2021-12-07
2021191,9.801,9.801,9.801,0.002290426019239578,0.0,2021-07-10
2021099,10.7001,10.7001,10.7001,0.004021110831867303,0.0,2021-04-09
2021019,10.9323,10.9323,10.9323,0.0696231617647059,0.0,2021-01-19
2021218,8.4258,8.4258,8.4258,0.005523688124070533,0.0,2021-08-06
2021181,0.0,0.0,0.0,1.0,1.0,2021-06-30
2021326,4.2066,6.7113,8.5212,0.6154668860551215,0.0,2021-11-22
2021306,0.0819,9.1287,16.5384,0.9971678441380598,0.0,2021-11-02
2021201,2.4435,2.4435,2.4435,0.08152909336941815,0.4473844901282313,2021-07-20
2021356,8.0082,8.0082,8.0082,0.008137331401181584,0.0,2021-12-22
2021126,10.1988,10.1988,10.1988,0.002025539409951563,0.0,2021-05-06
2021042,10.6857,10.6857,10.6857,0.055900127226463106,0.0,2021-02-11
2021354,7.5798,7.5798,7.5798,0.09000540248514317,0.0,2021-12-20
2021266,5.8131,5.8131,5.8131,0.11701982228298016,0.22386445565969718,2021-09-23
2021321,0.504,0.504,0.504,0.2553191489361702,0.9338452451269935,2021-11-17
2021314,7.6698,7.6698,7.6698,0.04451171656015248,0.0,2021-11-10
2021195,9.3276,9.3276,9.3276,0.004131834342269626,0.0,2021-07-14
2021338,7.6185,7.6185,7.6185,0.10772636239063982,0.0,2021-12-04
2021186,10.764,10.764,10.764,0.0032502708559046588,0.0,2021-07-05
2021141,0.0,0.0,0.0,1.0,0.0,2021-05-21
2021090,11.1123,11.1123,11.1123,0.014290276225451063,0.0,2021-03-31
2021351,7.9272,7.9272,7.9272,0.008331456879081288,0.0,2021-12-17
2021096,10.9224,10.9224,10.9224,0.006792699893608315,0.0012344662990700353,2021-04-06
2021071,10.2375,10.2375,10.2375,0.08722516450008022,0.0009660987177235201,2021-03-12
2021056,11.0097,11.0097,11.0097,0.007786519587963339,0.0,2021-02-25
2021146,5.7087,7.884,12.1023,0.7263235103766665,0.0,2021-05-26
2021276,7.6905,7.6905,7.6905,0.005006986492780623,0.020854818379741034,2021-10-03
2021101,10.6605,10.6605,10.6605,0.004370849794065731,0.01570550108027256,2021-04-11
2021156,13.7781,13.7781,13.7781,0.04818453121114151,0.0,2021-06-05
2021307,7.6698,7.6698,7.6698,0.03301940315443096,0.0,2021-11-03
2021026,11.241,11.3607,12.7296,0.3838792423046567,0.0,2021-01-26
2021259,7.3737,7.3737,7.3737,0.004495747266099636,0.0,2021-09-16
2021296,1.2159,1.2159,1.2159,0.05458362491252624,0.7142554991539762,2021-10-23
2021250,7.3503,7.3503,7.3503,0.004509995124329596,0.0,2021-09-07
2021121,9.7848,9.7848,9.7848,0.0018362100624311416,0.0,2021-05-01
2021221,4.851,4.851,4.851,0.24287118977384464,0.040413031867544955,2021-08-09
2021286,7.5618,7.5618,7.5618,0.005562788495679962,0.0,2021-10-13
2021122,10.8567,10.8567,10.8567,0.0028930401719292446,0.0,2021-05-02
2021035,10.7199,10.7199,10.7199,0.0451338784672118,0.0,2021-02-04
2021131,8.9685,8.9685,8.9685,0.00399800099950025,0.0,2021-05-11
2021211,12.0717,13.4775,14.5431,0.42509965282242507,0.0,2021-07-30
2021166,11.2005,11.2005,11.2005,0.0031239987183595,0.0,2021-06-15
2021236,4.2606,4.2606,4.2606,0.06516587677725118,0.0,2021-08-24
2021226,0.0,0.0,0.0,1.0,1.0,2021-08-14
2021061,10.9206,10.9206,10.9206,0.006305789861600197,0.0,2021-03-02
2021330,7.7121,7.7121,7.7121,0.13119740444083952,0.0,2021-11-26
2021243,7.6536,7.6536,7.6536,0.006193759495150169,0.0,2021-08-31
2021355,4.8699,5.7267,8.7912,0.8650858952302591,0.0,2021-12-21
2021111,10.0089,10.0089,10.0089,0.0026008968609865474,0.0,2021-04-21
2021154,14.445,14.445,14.445,0.028920619554695066,0.0,2021-06-03
2021196,7.8795,7.8795,7.8795,0.010063319764812303,0.0,2021-07-15
2021016,5.7033,15.9588,20.0574,0.8188341576374396,0.0,2021-01-16
2021067,10.8351,10.8918,12.996,0.3250168199147791,0.0,2021-03-08
2021311,7.5717,7.5717,7.5717,0.005320406715535588,0.0,2021-11-07
2021091,10.7586,10.7586,10.7586,0.00482850482850483,0.0,2021-04-01
2021216,5.6538,5.6538,5.6538,0.0038058991436726924,0.0,2021-08-04
2021036,10.9386,10.9386,10.9386,0.008079653962294948,0.0,2021-02-05
2021298,7.5051,7.5051,7.5051,0.011966824644549762,0.0,2021-10-25
2021161,2.8674,2.8674,2.8674,0.020596372579157703,0.0,2021-06-10
2021001,9.648,12.5775,14.3271,0.4851104707012488,0.12231865072867203,2021-01-01
2021006,10.8351,10.8351,10.8351,0.012954005083217182,0.0,2021-01-06
2021046,0.0,0.0,0.0,1.0,0.0,2021-02-15
2021010,8.5887,10.071,11.5506,0.31845450649907153,0.0,2021-01-10
2021275,7.6599,7.6599,7.6599,0.009312070771737863,0.0,2021-10-02
2021076,10.8864,10.8864,10.8864,0.004772091492512754,0.0,2021-03-17
2021271,3.6801,7.1532,9.9765,0.6700556765916242,0.004140282513395032,2021-09-28
2021031,10.8504,10.8504,10.8504,0.007082852907264041,0.0,2021-01-31
2022101,0.756,0.756,0.756,0.02665121668597914,0.0,2022-04-11
2022301,14.9436,14.9436,14.9436,0.009603340292275574,0.0,2022-10-28
2022222,9.2196,9.2196,9.2196,0.005340324303330421,0.0,2022-08-10
2022266,11.7756,11.7756,11.7756,0.004489081640416952,0.0,2022-09-23
2022198,8.6202,8.6202,8.6202,0.0021877278883217,0.0,2022-07-17
2022021,8.1405,8.1405,8.1405,0.008006141697740733,0.0,2022-01-21
2022051,8.1288,8.1288,8.1288,0.010191780821917807,0.0022094564737074676,2022-02-20
2022171,0.1908,18.0045,18.9513,0.993794455990399,0.0,2022-06-20
2022157,12.348,12.348,12.348,0.002181818181818182,0.0,2022-06-06
2022331,15.0543,15.0543,15.0543,0.012573789846517119,0.0,2022-11-27
2022031,8.2197,8.2197,8.2197,0.008790970262643803,0.0,2022-01-31
2022106,3.9213,7.0227,8.8974,0.4037224579170658,0.009997727789138832,2022-04-16
2022231,0.0873,5.661,7.542,0.9962078267328669,0.0,2022-08-19
2022116,4.3227,4.3227,4.3227,0.003940273745333886,0.0,2022-04-26
2022197,9.072,9.072,9.072,0.002572729071838512,0.0,2022-07-16
2022325,14.8689,14.8689,14.8689,0.036451650530736034,0.0,2022-11-21
2022029,7.8066,7.8066,7.8066,0.07190241814680076,0.0,2022-01-29
2022036,8.2584,8.2584,8.2584,0.10021572857423024,0.00043572984749455336,2022-02-05
2022213,8.9658,8.9658,8.9658,0.0038,0.0,2022-08-01
2022333,14.8689,14.8689,14.8689,0.02283078015023363,0.0,2022-11-29
2022294,14.391,14.391,14.391,0.01823540246822619,0.0,2022-10-21
2022030,0.0072,36.909,14.8185,0.9998009702699342,0.9157894736842105,2022-01-30
2022150,13.2957,13.2957,13.2957,0.0028349645629429632,0.0,2022-05-30
2022176,0.7803,6.0048,9.2853,0.9646411092985318,0.0,2022-06-25
2022046,8.0946,8.0946,8.0946,0.01262487649577341,0.0,2022-02-15
2022013,7.8219,7.8219,7.8219,0.0674892703862661,0.0,2022-01-13
2022318,14.7312,14.7312,14.7312,0.04045022863172705,0.0,2022-11-14
2022066,7.9344,7.9344,7.9344,0.006871690886560775,0.0,2022-03-07
2022071,8.0964,8.0964,8.0964,0.009360202620856736,0.0,2022-03-12
2022342,14.9436,14.9436,14.9436,0.025644034974473328,0.0,2022-12-08
2022336,3.5991,3.5991,3.5991,0.05950141110065852,0.7675810763687086,2022-12-02
2022361,7.9461,7.9461,7.9461,0.06224110462028678,0.4957450454052202,2022-12-27
2022102,7.704,7.704,7.704,0.005113900511390052,0.0,2022-04-12
2022141,9.7452,9.7452,9.7452,0.001843657817109144,0.0,2022-05-21
2022045,8.0631,8.0631,8.0631,0.06345389922642693,0.0,2022-02-14
2022226,0.0,0.0,0.0,1.0,0.0,2022-08-14
2022221,6.9543,6.9543,6.9543,0.06237107147190875,0.0,2022-08-09
2022291,15.0831,15.4359,17.1234,0.17357857882538585,0.00029825817227392026,2022-10-18
2022346,8.8704,12.6396,15.3828,0.4869338885996876,0.004746036554579421,2022-12-12
2022181,11.2374,11.2374,11.2374,0.0023172193367958453,0.0,2022-06-30
2022262,8.2233,11.1177,13.1634,0.3227336743013861,0.0,2022-09-19
2022311,11.8935,11.8935,11.8935,0.013437849944008958,0.2009311887773612,2022-11-07
2022126,6.3378,6.3378,6.3378,0.00536723163841808,0.0,2022-05-06
2022214,7.6509,7.6509,7.6509,0.1651772562113326,0.0,2022-08-02
2022256,8.8029,8.8029,8.8029,0.04013738959764475,0.0,2022-09-13
2022136,9.3573,9.3573,9.3573,0.0036415908001916626,0.0,2022-05-16
2022277,0.0,0.0,0.0,1.0,0.0,2022-10-04
2022096,5.6754,5.6754,5.6754,0.004577742699289662,0.0,2022-04-06
2022006,8.1387,8.1387,8.1387,0.009420527987731403,0.0,2022-01-06
2022069,8.2746,8.2746,8.2746,0.054795928857818456,0.0,2022-03-10
2022254,10.6011,10.7685,12.4182,0.4962795073554567,0.0,2022-09-11
2022093,2.97,6.264,8.9334,0.7303921568627451,0.0,2022-04-03
2022142,0.0153,15.6762,9.2664,0.9995799565131448,0.0,2022-05-22
2022269,9.0513,11.529,13.6593,0.3498189811223171,0.0,2022-09-26
2022158,10.3491,10.3491,10.3491,0.0019961812185384483,0.0,2022-06-07
2022005,7.7517,7.7517,7.7517,0.06654383873414978,0.0,2022-01-05
2022186,0.3735,5.7276,5.7276,0.9853144131073286,0.0,2022-07-05
2022241,2.0826,2.0826,2.0826,0.014480408858603066,0.0,2022-08-29
2022309,2.2806,14.193,16.1703,0.9365611856599239,0.0,2022-11-05
2022261,11.7423,11.7423,11.7423,0.0051849027830728174,0.0,2022-09-18
2022125,8.4996,8.4996,8.4996,0.0029560810810810812,0.0,2022-05-05
2022310,14.7906,14.7906,14.7906,0.025209087134468237,0.0,2022-11-06
2022238,11.2563,11.2563,11.2563,0.021591175780333257,0.0,2022-08-26
2022350,9.9693,13.8438,16.7751,0.49484677125136817,0.0,2022-12-16
2022206,9.6255,9.6255,9.6255,0.0032618825722274,0.0,2022-07-25
2022094,7.7742,7.7742,7.7742,0.020523868919378612,0.0,2022-04-04
2022111,5.9094,5.9094,5.9094,0.0043972706595906,0.0,2022-04-21
2022351,15.3477,15.3477,15.3477,0.0156998556998557,0.0,2022-12-17
2022117,7.9461,7.9461,7.9461,0.002710945442222975,0.0,2022-04-27
2022253,11.2977,11.2977,11.2977,0.005151371057219844,0.0,2022-09-10
2022216,3.5694,3.5694,3.5694,0.01588089330024814,0.5781748564135291,2022-08-04
2022251,10.3617,10.3617,10.3617,0.003979583008910805,0.0014744145706851689,2022-09-08
2022038,7.9011,7.9011,7.9011,0.06755177907594265,0.0,2022-02-07
2022014,7.8219,7.8219,7.8219,0.057784041630529054,0.0,2022-01-14
2022237,10.9674,10.9674,10.9674,0.07182572930154621,0.0,2022-08-25
2022230,0.0621,15.9705,18.0585,0.9981763881914528,0.17857142857142858,2022-08-18
2022134,9.6669,9.6669,9.6669,0.002044039765864536,0.0,2022-05-14
2022061,7.9398,7.9398,7.9398,0.006755235307363206,0.0,2022-03-02
2022229,0.0,0.0,0.0,1.0,0.0,2022-08-17
2022302,14.7852,14.7852,14.7852,0.03250883392226148,0.0,2022-10-29
2022326,8.1945,11.79,14.5368,0.3912956277577216,0.49867855962999674,2022-11-22
2022076,0.9063,0.9063,0.9063,0.035440613026819924,0.0,2022-03-17
2022151,11.7369,11.7369,11.7369,0.03940777843252799,0.0,2022-05-31
2022276,0.0,0.0,0.0,1.0,1.0,2022-10-03
2022016,5.2119,5.2119,5.2119,0.021459952686718485,0.3579822616407982,2022-01-16
2022121,4.5801,4.5801,4.5801,0.00527756059421423,0.0,2022-05-01
2022201,0.4752,5.769,9.7173,0.9853581431463353,0.0,2022-07-20
2022271,12.0933,12.0933,12.0933,0.007240487624676764,0.0,2022-09-28
2022081,4.9878,7.434,9.6624,0.5681109725685786,0.017027314650585313,2022-03-22
2022037,6.3801,6.3801,6.3801,0.08351648351648353,0.0,2022-02-06
2022131,7.2432,7.2432,7.2432,0.002726146220570013,0.0,2022-05-11
2022086,10.0413,10.0413,10.0413,0.13858863495985174,0.0,2022-03-27
2022165,11.3445,11.3445,11.3445,0.0016632345952795817,0.0,2022-06-14
2022358,14.1291,14.1291,14.1291,0.022234678624813153,0.0,2022-12-24
2022246,2.4651,2.4651,2.4651,0.02837885775097552,0.0,2022-09-03
2022110,7.7427,7.7427,7.7427,0.0025507246376811595,0.0,2022-04-20
2022146,10.4445,10.4445,10.4445,0.06981404296248797,0.0,2022-05-26
2022190,9.2961,9.3987,10.7154,0.45579557428872497,0.0,2022-07-09
2022054,8.0991,8.0991,8.0991,0.06630006225357958,0.0,2022-02-23
2022085,8.2323,8.2323,8.2323,0.08005632102987026,0.0,2022-03-26
2022205,7.0479,8.0442,10.6785,0.7343893090933757,0.0,2022-07-24
2022296,15.7599,15.7599,15.7599,0.035153451980825395,0.00011420087934677097,2022-10-23
2022118,7.8003,7.8003,7.8003,0.0021874280451300945,0.0,2022-04-28
2022070,7.9065,7.9065,7.9065,0.07389837655492305,0.0,2022-03-11
2022278,0.0,0.0,0.0,1.0,0.0,2022-10-05
2022149,13.4703,13.4703,13.4703,0.002931183798547732,0.0,2022-05-29
2022245,11.0826,11.0826,11.0826,0.004688005172971226,0.0,2022-09-02
2022001,8.0514,8.0514,8.0514,0.01875616979269497,0.0,2022-01-01
2022189,10.3581,10.3581,10.3581,0.003204573012298632,0.0,2022-07-08
2022334,9.5427,9.999,11.8152,0.6272193509826671,0.0,2022-11-30
2022053,7.5861,7.5861,7.5861,0.07536200087757788,0.0,2022-02-22
2022022,0.3231,5.7942,8.8929,0.9882082443751027,0.0,2022-01-22
2022356,15.1965,15.1965,15.1965,0.01395701938799346,0.0,2022-12-22
2022285,13.1805,13.1805,13.1805,0.00953604761260652,0.0,2022-10-12
2022286,13.7133,13.7133,13.7133,0.004377940407736539,0.0,2022-10-13
2022078,8.3034,8.3034,8.3034,0.019240990751567977,0.0,2022-03-19
2022293,14.3262,14.3262,14.3262,0.01970686045079443,0.0,2022-10-20
2022041,8.0109,8.0109,8.0109,0.007249609636404194,0.0,2022-02-10
2022133,9.5886,9.5886,9.5886,0.0017801930104000753,0.0,2022-05-13
2022166,10.2555,10.2555,10.2555,0.020374828060522696,0.0,2022-06-15
2022270,11.7378,11.7378,11.7378,0.009267699787298692,0.0,2022-09-27
2022211,8.9676,8.9676,8.9676,0.004197481511093344,0.00875447672105054,2022-07-30
2022109,4.5477,7.7499,9.5247,0.4669268910222597,0.0,2022-04-19
2022349,14.7159,14.7159,14.7159,0.02218634134672886,0.0,2022-12-15
2022182,10.6875,10.6875,10.6875,0.0032734597951989256,0.0,2022-07-01
2022062,2.4048,7.8021,9.7821,0.8878771348243885,0.0,2022-03-03
2022357,1.1187,11.7918,22.9014,0.9693774482028037,0.0,2022-12-23
2022317,14.9373,14.9373,14.9373,0.05414030888470963,0.0,2022-11-13
2022321,15.003,15.003,15.003,0.011503795066413663,0.0,2022-11-17
2022236,4.4874,4.4874,4.4874,0.2891360136869119,0.004790419161676647,2022-08-24
2022191,10.8693,10.8693,10.8693,0.002313093762907889,0.0,2022-07-10
2022161,12.753,12.753,12.753,0.016313779937521693,0.0,2022-06-10
2022196,8.8983,8.8983,8.8983,0.0047312260922085765,0.0,2022-07-15
2022306,3.0978,3.0978,3.0978,0.051267916207276734,0.795313986679353,2022-11-02
2022026,8.0739,8.0739,8.0739,0.008400574776168896,0.0,2022-01-26
2022173,0.0,0.0,0.0,1.0,0.0,2022-06-22
2022011,1.5084,1.5084,1.5084,0.0984400215169446,0.8159657406390688,2022-01-11
2022341,4.275,6.9012,10.5426,0.7969738416823388,0.0,2022-12-07
2022056,2.1798,2.1798,2.1798,0.08844561535566427,0.6721267090835251,2022-02-25
2022091,7.9839,7.9839,7.9839,0.0035942940581826345,0.0,2022-04-01
2022316,14.9355,14.9355,14.9355,0.01055330312425471,0.0,2022-11-12
